<?xml version="1.0"?>
<!--<!DOCTYPE metadata SYSTEM "http://www.esri.com/metadata/esriprof80.dtd">-->
<metadata xml:lang="ko"><Esri><CreaDate>20161019</CreaDate><CreaTime>10545000</CreaTime><SyncOnce>FALSE</SyncOnce><SyncDate>20160721</SyncDate><SyncTime>11163800</SyncTime><ModDate>20160721</ModDate><ModTime>11163800</ModTime><DataProperties><lineage><Process ToolSource="C:\Program Files (x86)\ArcGIS\ArcToolbox\Toolboxes\Data Management Tools.tbx\MultipartToSinglepart" Date="20160309" Time="132056">MultipartToSinglepart 서센터 "C:\2016-01-13_재난안전본부_지번새주소_15년12월_업데이트\02_작업\새 폴더\160307\서센터관할구역_Project_M2_D_Multipa.shp"</Process><Process ToolSource="C:\Program Files (x86)\ArcGIS\ArcToolbox\Toolboxes\Data Management Tools.tbx\RepairGeometry" Date="20160310" Time="094548">RepairGeometry 서센터 DELETE_NULL 서센터</Process><Process ToolSource="C:\Program Files (x86)\ArcGIS\ArcToolbox\Toolboxes\Data Management Tools.tbx\MultipartToSinglepart" Date="20160526" Time="154745">MultipartToSinglepart 서센터 "D:\2016-04-04_인천소방 서센터 관할구역 확인\서센터_MultipartToSinglepart.shp"</Process><Process ToolSource="C:\Program Files (x86)\ArcGIS\ArcToolbox\Toolboxes\Data Management Tools.tbx\RepairGeometry" Date="20160526" Time="154755">RepairGeometry 서센터_MultipartToSinglepart DELETE_NULL 서센터_MultipartToSinglepart</Process><Process ToolSource="C:\Program Files (x86)\ArcGIS\ArcToolbox\Toolboxes\Data Management Tools.tbx\Dissolve" Date="20160601" Time="144451">Dissolve 서센터 "D:\2016-04-04_인천소방 서센터 관할구역 확인\서센터_MultipartToSinglepart_Di.shp" WARD_ID;WARD_NM # MULTI_PART DISSOLVE_LINES</Process><Process ToolSource="C:\Program Files (x86)\ArcGIS\ArcToolbox\Toolboxes\Analysis Tools.tbx\Identity" Date="20160603" Time="153342">Identity 서센터_re 서센터_re "D:\2016-04-04_인천소방 서센터 관할구역 확인\서센터_re_Identity.shp" ALL # NO_RELATIONSHIPS</Process><Process ToolSource="C:\Program Files (x86)\ArcGIS\ArcToolbox\Toolboxes\Data Management Tools.tbx\MultipartToSinglepart" Date="20160603" Time="153704">MultipartToSinglepart 서센터_re_Identity "D:\2016-04-04_인천소방 서센터 관할구역 확인\서센터_re_Identity_MultipartToS1.shp"</Process><Process ToolSource="C:\Program Files (x86)\ArcGIS\ArcToolbox\Toolboxes\Data Management Tools.tbx\Merge" Date="20160603" Time="171304">Merge IN_WARD;Export_Output_Erase_Multipar "D:\2016-04-04_인천소방 서센터 관할구역 확인\IN_WARD_Merge.shp" "WARD_ID 'WARD_ID' true true false 10 Text 0 0 ,First,#,IN_WARD,WARD_ID,-1,-1,Export_Output_Erase_Multipar,WARD_ID,-1,-1;WARD_NM 'WARD_NM' true true false 53 Text 0 0 ,First,#,IN_WARD,WARD_NM,-1,-1,Export_Output_Erase_Multipar,WARD_NM,-1,-1;ORIG_FID 'ORIG_FID' true true false 9 Long 0 9 ,First,#,IN_WARD,ORIG_FID,-1,-1,Export_Output_Erase_Multipar,ORIG_FID,-1,-1"</Process><Process ToolSource="C:\Program Files (x86)\ArcGIS\ArcToolbox\Toolboxes\Data Management Tools.tbx\MultipartToSinglepart" Date="20160603" Time="171333">MultipartToSinglepart IN_WARD_Merge "D:\2016-04-04_인천소방 서센터 관할구역 확인\IN_WARD_Merge_MultipartToSin.shp"</Process><Process ToolSource="C:\Program Files (x86)\ArcGIS\ArcToolbox\Toolboxes\Data Management Tools.tbx\RepairGeometry" Date="20160613" Time="175013">RepairGeometry IN_WARD DELETE_NULL IN_WARD</Process><Process ToolSource="C:\Program Files (x86)\ArcGIS\ArcToolbox\Toolboxes\Analysis Tools.tbx\Identity" Date="20160613" Time="175032">Identity IN_WARD IN_WARD "D:\2016-04-04_인천소방 서센터 관할구역 확인\IN_WARD_Identity.shp" ALL # NO_RELATIONSHIPS</Process><Process ToolSource="C:\Program Files (x86)\ArcGIS\ArcToolbox\Toolboxes\Data Management Tools.tbx\CopyFeatures" Date="20160613" Time="175142">CopyFeatures IN_WARD_Identity "D:\2016-04-04_인천소방 서센터 관할구역 확인\IN_WARD_Identity_CalculateAr.shp" # 0 0 0</Process><Process ToolSource="C:\Program Files (x86)\ArcGIS\ArcToolbox\Toolboxes\Data Management Tools.tbx\AddField" Date="20160613" Time="175142">AddField "D:\2016-04-04_인천소방 서센터 관할구역 확인\IN_WARD_Identity_CalculateAr.shp" F_AREA DOUBLE # # # # NON_NULLABLE NON_REQUIRED # "D:\2016-04-04_인천소방 서센터 관할구역 확인\IN_WARD_Identity_CalculateAr.shp"</Process><Process ToolSource="C:\Program Files (x86)\ArcGIS\ArcToolbox\Toolboxes\Spatial Statistics Tools.tbx\CalculateAreas" Date="20160613" Time="175142">CalculateAreas IN_WARD_Identity "D:\2016-04-04_인천소방 서센터 관할구역 확인\IN_WARD_Identity_CalculateAr.shp"</Process><Process ToolSource="C:\Program Files (x86)\ArcGIS\ArcToolbox\Toolboxes\Data Management Tools.tbx\Merge" Date="20160613" Time="175930">Merge IN_WARD_Identity_CalculateAr;Export_Output_Erase_Multipar "D:\2016-04-04_인천소방 서센터 관할구역 확인\#작업\WRAD_AREA.shp" "WARD_ID 'WARD_ID' true true false 10 Text 0 0 ,First,#,IN_WARD_Identity_CalculateAr,WARD_ID,-1,-1,Export_Output_Erase_Multipar,WARD_ID,-1,-1;WARD_NM 'WARD_NM' true true false 53 Text 0 0 ,First,#,IN_WARD_Identity_CalculateAr,WARD_NM,-1,-1,Export_Output_Erase_Multipar,WARD_NM,-1,-1;YN 'YN' true true false 50 Text 0 0 ,First,#,IN_WARD_Identity_CalculateAr,YN,-1,-1,Export_Output_Erase_Multipar,YN,-1,-1;F_AREA 'F_AREA' true true false 19 Double 0 0 ,First,#,IN_WARD_Identity_CalculateAr,F_AREA,-1,-1,Export_Output_Erase_Multipar,F_AREA,-1,-1;ORIG_FID 'ORIG_FID' true true false 9 Long 0 9 ,First,#,Export_Output_Erase_Multipar,ORIG_FID,-1,-1"</Process><Process ToolSource="C:\Program Files (x86)\ArcGIS\ArcToolbox\Toolboxes\Data Management Tools.tbx\MultipartToSinglepart" Date="20160614" Time="103803">MultipartToSinglepart IN_WARD "C:\2016-04-04_인천소방 서센터 관할구역 확인\#작업\WRAD_AREA_MultipartToSinglep.shp"</Process><Process ToolSource="C:\Program Files (x86)\ArcGIS\ArcToolbox\Toolboxes\Data Management Tools.tbx\RepairGeometry" Date="20160614" Time="110600">RepairGeometry IN_WARD DELETE_NULL IN_WARD</Process><Process ToolSource="C:\Program Files (x86)\ArcGIS\ArcToolbox\Toolboxes\Data Management Tools.tbx\Merge" Date="20160614" Time="113449">Merge IN_WARD;test_Erase "C:\2016-04-04_인천소방 서센터 관할구역 확인\#작업\WRAD_AREA_MultipartToSinglep1.shp" "WARD_ID 'WARD_ID' true true false 10 Text 0 0 ,First,#,IN_WARD,WARD_ID,-1,-1,test_Erase,WARD_ID,-1,-1;WARD_NM 'WARD_NM' true true false 53 Text 0 0 ,First,#,IN_WARD,WARD_NM,-1,-1,test_Erase,WARD_NM,-1,-1;YN 'YN' true true false 50 Text 0 0 ,First,#,IN_WARD,YN,-1,-1,test_Erase,YN,-1,-1;F_AREA 'F_AREA' true true false 19 Double 0 0 ,First,#,IN_WARD,F_AREA,-1,-1,test_Erase,F_AREA,-1,-1;ORIG_FID 'ORIG_FID' true true false 9 Long 0 9 ,First,#,IN_WARD,ORIG_FID,-1,-1,test_Erase,ORIG_FID,-1,-1"</Process><Process ToolSource="C:\Program Files (x86)\ArcGIS\ArcToolbox\Toolboxes\Data Management Tools.tbx\MultipartToSinglepart" Date="20160614" Time="113503">MultipartToSinglepart WRAD_AREA_MultipartToSinglep1 "C:\2016-04-04_인천소방 서센터 관할구역 확인\#작업\WRAD_AREA_MultipartToSinglep2.shp"</Process><Process ToolSource="C:\Program Files (x86)\ArcGIS\ArcToolbox\Toolboxes\Data Management Tools.tbx\RepairGeometry" Date="20160614" Time="113557">RepairGeometry WRAD_AREA_MultipartToSinglep2 DELETE_NULL WRAD_AREA_MultipartToSinglep2</Process><Process ToolSource="C:\Program Files (x86)\ArcGIS\ArcToolbox\Toolboxes\Data Management Tools.tbx\Dissolve" Date="20160614" Time="113739">Dissolve WRAD_AREA_MultipartToSinglep2 "C:\2016-04-04_인천소방 서센터 관할구역 확인\#작업\IN_WRAD_AREA.shp" WARD_ID;WARD_NM # MULTI_PART DISSOLVE_LINES</Process><Process ToolSource="C:\Program Files (x86)\ArcGIS\ArcToolbox\Toolboxes\Data Management Tools.tbx\Merge" Date="20160614" Time="114122">Merge IN_WRAD_AREA;IN_WRAD_AREA_Buffer1_Erase "C:\2016-04-04_인천소방 서센터 관할구역 확인\#작업\IN_WRAD_AREA_Merge.shp" "WARD_ID 'WARD_ID' true true false 10 Text 0 0 ,First,#,IN_WRAD_AREA,WARD_ID,-1,-1,IN_WRAD_AREA_Buffer1_Erase,WARD_ID,-1,-1;WARD_NM 'WARD_NM' true true false 53 Text 0 0 ,First,#,IN_WRAD_AREA,WARD_NM,-1,-1,IN_WRAD_AREA_Buffer1_Erase,WARD_NM,-1,-1;BUFF_DIST 'BUFF_DIST' true true false 19 Double 0 0 ,First,#,IN_WRAD_AREA_Buffer1_Erase,BUFF_DIST,-1,-1"</Process><Process ToolSource="C:\Program Files (x86)\ArcGIS\ArcToolbox\Toolboxes\Data Management Tools.tbx\MultipartToSinglepart" Date="20160614" Time="114142">MultipartToSinglepart IN_WRAD_AREA_Merge "C:\2016-04-04_인천소방 서센터 관할구역 확인\#작업\IN_WRAD_AREA_Merge_Multipart.shp"</Process><Process ToolSource="C:\Program Files (x86)\ArcGIS\ArcToolbox\Toolboxes\Data Management Tools.tbx\Dissolve" Date="20160614" Time="154403">Dissolve IN_WRAD_AREA "C:\2016-04-04_인천소방 서센터 관할구역 확인\#작업\IN_WRAD_AREA_Dissolve.shp" WARD_ID;WARD_NM # MULTI_PART DISSOLVE_LINES</Process><Process ToolSource="C:\Program Files (x86)\ArcGIS\ArcToolbox\Toolboxes\Data Management Tools.tbx\MultipartToSinglepart" Date="20160614" Time="171108">MultipartToSinglepart IN_WRAD_AREA "C:\2016-04-04_인천소방 서센터 관할구역 확인\#NEW\IN_WRAD_AREA_MultipartToSing.shp"</Process><Process ToolSource="C:\Program Files (x86)\ArcGIS\ArcToolbox\Toolboxes\Data Management Tools.tbx\AddField" Date="20160620" Time="150246">AddField "서센터 관할" OBJECTID TEXT # # # # NON_NULLABLE NON_REQUIRED # "서센터 관할"</Process><Process ToolSource="C:\Program Files (x86)\ArcGIS\ArcToolbox\Toolboxes\Data Management Tools.tbx\AddField" Date="20160620" Time="150246">AddField "서센터 관할" WARD_ID TEXT # # # # NON_NULLABLE NON_REQUIRED # "서센터 관할"</Process><Process ToolSource="C:\Program Files (x86)\ArcGIS\ArcToolbox\Toolboxes\Data Management Tools.tbx\AddField" Date="20160620" Time="150247">AddField "서센터 관할" SUB_ID TEXT # # # # NON_NULLABLE NON_REQUIRED # "서센터 관할"</Process><Process ToolSource="C:\Program Files (x86)\ArcGIS\ArcToolbox\Toolboxes\Data Management Tools.tbx\AddField" Date="20160620" Time="150247">AddField "서센터 관할" WARD_NM TEXT # # # # NON_NULLABLE NON_REQUIRED # "서센터 관할"</Process><Process ToolSource="C:\Program Files (x86)\ArcGIS\ArcToolbox\Toolboxes\Data Management Tools.tbx\Dissolve" Date="20160721" Time="111639">Dissolve GI_POLICE_A "D:\2016-04-04_인천소방 서센터 관할구역 확인\#00_완료\작업\GI_POLICE_A_Dissolve.shp" OBJECTID;WARD_ID;WARD_NM # MULTI_PART DISSOLVE_LINES</Process><Process ToolSource="c:\program files (x86)\arcgis\desktop10.2\ArcToolbox\Toolboxes\Data Management Tools.tbx\CalculateField" Date="20160905" Time="161625">CalculateField "C:\#Workspace\2016-08-31_인천소방본부 업데이트\GISADMIN\SHP\GI_POLICE_A_ADD.shp" OBJECTID [FID]+1 VB #</Process><Process ToolSource="C:\Program Files (x86)\ArcGIS\ArcToolbox\Toolboxes\Data Management Tools.tbx\Project" Date="20161019" Time="102112">Project GI_POLICE_A "C:\#ICFIRE\2016-10-17_인천소방본부 업데이트\Pro\GI_POLICE_A_Project.shp" PROJCS['ITRF2000[GRS80-127_50만]',GEOGCS['GCS_ITRF_2000',DATUM['D_ITRF_2000',SPHEROID['GRS_1980',6378137.0,298.257222101]],PRIMEM['Greenwich',0.0],UNIT['Degree',0.0174532925199433]],PROJECTION['Transverse_Mercator'],PARAMETER['False_Easting',200000.0],PARAMETER['False_Northing',500000.0],PARAMETER['Central_Meridian',127.0],PARAMETER['Scale_Factor',1.0],PARAMETER['Latitude_Of_Origin',38.0],UNIT['Meter',1.0]] # PROJCS['PCS_ITRF2000_TM',GEOGCS['GCS_ITRF_2000',DATUM['D_ITRF_2000',SPHEROID['GRS_1980',6378137.0,298.257222101]],PRIMEM['Greenwich',0.0],UNIT['Degree',0.0174532925199433]],PROJECTION['Transverse_Mercator'],PARAMETER['False_Easting',1000000.0],PARAMETER['False_Northing',2000000.0],PARAMETER['Central_Meridian',127.5],PARAMETER['Scale_Factor',0.9996],PARAMETER['Latitude_Of_Origin',38.0],UNIT['Meter',1.0]]</Process><Process ToolSource="C:\Program Files (x86)\ArcGIS\ArcToolbox\Toolboxes\Data Management Tools.tbx\Project" Date="20161019" Time="105450">Project "C:\#ICFIRE\2016-10-17_인천소방본부 업데이트\Pro\GI_POLICE_A_Project.shp" "C:\#ICFIRE\2016-10-17_인천소방본부 업데이트\New Folder\GI_POLICE_A_Project_Project.shp" PROJCS['PCS_ITRF2000_TM',GEOGCS['GCS_ITRF_2000',DATUM['D_ITRF_2000',SPHEROID['GRS_1980',6378137.0,298.257222101]],PRIMEM['Greenwich',0.0],UNIT['Degree',0.0174532925199433]],PROJECTION['Transverse_Mercator'],PARAMETER['False_Easting',1000000.0],PARAMETER['False_Northing',2000000.0],PARAMETER['Central_Meridian',127.5],PARAMETER['Scale_Factor',0.9996],PARAMETER['Latitude_Of_Origin',38.0],UNIT['Meter',1.0]] # PROJCS['ITRF2000[GRS80-127_50만]',GEOGCS['GCS_ITRF_2000',DATUM['D_ITRF_2000',SPHEROID['GRS_1980',6378137.0,298.257222101]],PRIMEM['Greenwich',0.0],UNIT['Degree',0.0174532925199433]],PROJECTION['Transverse_Mercator'],PARAMETER['False_Easting',200000.0],PARAMETER['False_Northing',500000.0],PARAMETER['Central_Meridian',127.0],PARAMETER['Scale_Factor',1.0],PARAMETER['Latitude_Of_Origin',38.0],UNIT['Meter',1.0]]</Process></lineage></DataProperties><ArcGISFormat>1.0</ArcGISFormat><MetaID>{E6A4805F-7EEC-4222-B281-11C289F5E327}</MetaID></Esri><idinfo><native Sync="TRUE">Microsoft Windows Vista Version 6.2 (Build 9200) ; ESRI ArcCatalog 9.3.1.3500</native><descript><langdata Sync="TRUE">ko</langdata><abstract>REQUIRED: A brief narrative summary of the data set.</abstract><purpose>REQUIRED: A summary of the intentions with which the data set was developed.</purpose></descript><citation><citeinfo><origin>REQUIRED: The name of an organization or individual that developed the data set.</origin><pubdate>REQUIRED: The date when the data set is published or otherwise made available for release.</pubdate><title Sync="TRUE">GI_POLICE_A_Dissolve</title><ftname Sync="TRUE">GI_POLICE_A_Dissolve</ftname><geoform Sync="TRUE">vector digital data</geoform><onlink Sync="TRUE"></onlink></citeinfo></citation><timeperd><current>REQUIRED: The basis on which the time period of content information is determined.</current><timeinfo><sngdate><caldate>REQUIRED: The year (and optionally month, or month and day) for which the data set corresponds to the ground.</caldate></sngdate></timeinfo></timeperd><status><progress>REQUIRED: The state of the data set.</progress><update>REQUIRED: The frequency with which changes and additions are made to the data set after the initial data set is completed.</update></status><spdom><bounding><westbc Sync="TRUE">REQUIRED: Western-most coordinate of the limit of coverage expressed in longitude.</westbc><eastbc Sync="TRUE">REQUIRED: Eastern-most coordinate of the limit of coverage expressed in longitude.</eastbc><northbc Sync="TRUE">REQUIRED: Northern-most coordinate of the limit of coverage expressed in latitude.</northbc><southbc Sync="TRUE">REQUIRED: Southern-most coordinate of the limit of coverage expressed in latitude.</southbc></bounding></spdom><keywords><theme><themekt>REQUIRED: Reference to a formally registered thesaurus or a similar authoritative source of theme keywords.</themekt><themekey>REQUIRED: Common-use word or phrase used to describe the subject of the data set.</themekey></theme></keywords><accconst>REQUIRED: Restrictions and legal prerequisites for accessing the data set.</accconst><useconst>REQUIRED: Restrictions and legal prerequisites for using the data set after access is granted.</useconst><natvform Sync="TRUE">Shapefile</natvform></idinfo><dataIdInfo><envirDesc Sync="TRUE">Microsoft Windows Vista Version 6.2 (Build 9200) ; ESRI ArcCatalog 9.3.1.3500</envirDesc><dataLang><languageCode Sync="TRUE" value="ko"></languageCode></dataLang><idCitation><resTitle Sync="TRUE">GI_POLICE_A_Dissolve</resTitle><presForm><PresFormCd Sync="TRUE" value="005"></PresFormCd></presForm></idCitation><spatRpType><SpatRepTypCd Sync="TRUE" value="001"></SpatRepTypCd></spatRpType></dataIdInfo><metainfo><langmeta Sync="TRUE">ko</langmeta><metstdn Sync="TRUE">FGDC Content Standards for Digital Geospatial Metadata</metstdn><metstdv Sync="TRUE">FGDC-STD-001-1998</metstdv><mettc Sync="TRUE">local time</mettc><metc><cntinfo><cntorgp><cntper>REQUIRED: The person responsible for the metadata information.</cntper><cntorg>REQUIRED: The organization responsible for the metadata information.</cntorg></cntorgp><cntaddr><addrtype>REQUIRED: The mailing and/or physical address for the organization or individual.</addrtype><city>REQUIRED: The city of the address.</city><state>REQUIRED: The state or province of the address.</state><postal>REQUIRED: The ZIP or other postal code of the address.</postal></cntaddr><cntvoice>REQUIRED: The telephone number by which individuals can speak to the organization or individual.</cntvoice></cntinfo></metc><metd Sync="TRUE">20160721</metd><metextns><onlink Sync="TRUE">http://www.esri.com/metadata/esriprof80.html</onlink><metprof Sync="TRUE">ESRI Metadata Profile</metprof></metextns></metainfo><mdLang><languageCode Sync="TRUE" value="ko"></languageCode></mdLang><mdStanName Sync="TRUE">ISO 19115 Geographic Information - Metadata</mdStanName><mdStanVer Sync="TRUE">DIS_ESRI1.0</mdStanVer><mdChar><CharSetCd Sync="TRUE" value="004"></CharSetCd></mdChar><mdHrLv><ScopeCd Sync="TRUE" value="005"></ScopeCd></mdHrLv><mdHrLvName Sync="TRUE">dataset</mdHrLvName><distinfo><resdesc Sync="TRUE">Downloadable Data</resdesc><stdorder><digform><digtinfo><transize Sync="TRUE">0.000</transize><dssize Sync="TRUE">0.000</dssize></digtinfo></digform></stdorder></distinfo><distInfo><distributor><distorTran><onLineSrc><orDesc Sync="TRUE">002</orDesc><linkage Sync="TRUE">file://</linkage><protocol Sync="TRUE">Local Area Network</protocol></onLineSrc><transSize Sync="TRUE">0.000</transSize></distorTran><distorFormat><formatName Sync="TRUE">Shapefile</formatName></distorFormat></distributor></distInfo><spdoinfo><direct Sync="TRUE">Vector</direct><ptvctinf><esriterm Name="GI_POLICE_A_Dissolve"><efeatyp Sync="TRUE">Simple</efeatyp><efeageom Sync="TRUE">Polygon</efeageom><esritopo Sync="TRUE">FALSE</esritopo><efeacnt Sync="TRUE">0</efeacnt><spindex Sync="TRUE">FALSE</spindex><linrefer Sync="TRUE">FALSE</linrefer></esriterm><sdtsterm Name="GI_POLICE_A_Dissolve"><sdtstype Sync="TRUE">G-polygon</sdtstype><ptvctcnt Sync="TRUE">0</ptvctcnt></sdtsterm></ptvctinf></spdoinfo><spref><horizsys><cordsysn><geogcsn Sync="TRUE">GCS_ITRF_2000</geogcsn><projcsn Sync="TRUE">PCS_ITRF2000_TM</projcsn></cordsysn><planar><planci><plance Sync="TRUE">coordinate pair</plance><plandu Sync="TRUE">meters</plandu><coordrep><absres Sync="TRUE">0.000000</absres><ordres Sync="TRUE">0.000000</ordres></coordrep></planci><mapproj><mapprojn Sync="TRUE">Transverse Mercator</mapprojn><transmer><sfctrmer Sync="TRUE">0.999600</sfctrmer><longcm Sync="TRUE">127.500000</longcm><latprjo Sync="TRUE">38.000000</latprjo><feast Sync="TRUE">1000000.000000</feast><fnorth Sync="TRUE">2000000.000000</fnorth></transmer></mapproj></planar><geodetic><horizdn Sync="TRUE">D_ITRF_2000</horizdn><ellips Sync="TRUE">Geodetic Reference System 80</ellips><semiaxis Sync="TRUE">6378137.000000</semiaxis><denflat Sync="TRUE">298.257222</denflat></geodetic></horizsys></spref><refSysInfo><RefSystem><refSysID><identCode Sync="TRUE">PCS_ITRF2000_TM</identCode></refSysID></RefSystem></refSysInfo><spatRepInfo><VectSpatRep><topLvl><TopoLevCd Sync="TRUE" value="001"></TopoLevCd></topLvl><geometObjs Name="GI_POLICE_A_Dissolve"><geoObjTyp><GeoObjTypCd Sync="TRUE" value="001"></GeoObjTypCd></geoObjTyp><geoObjCnt Sync="TRUE">0</geoObjCnt></geometObjs></VectSpatRep></spatRepInfo><eainfo><detailed Name="GI_POLICE_A_Dissolve"><enttyp><enttypl Sync="TRUE">GI_POLICE_A_Dissolve</enttypl><enttypt Sync="TRUE">Feature Class</enttypt><enttypc Sync="TRUE">0</enttypc></enttyp><attr><attrlabl Sync="TRUE">FID</attrlabl><attalias Sync="TRUE">FID</attalias><attrtype Sync="TRUE">OID</attrtype><attwidth Sync="TRUE">4</attwidth><atprecis Sync="TRUE">0</atprecis><attscale Sync="TRUE">0</attscale><attrdef Sync="TRUE">Internal feature number.</attrdef><attrdefs Sync="TRUE">ESRI</attrdefs><attrdomv><udom Sync="TRUE">Sequential unique whole numbers that are automatically generated.</udom></attrdomv></attr><attr><attrlabl Sync="TRUE">Shape</attrlabl><attalias Sync="TRUE">Shape</attalias><attrtype Sync="TRUE">Geometry</attrtype><attwidth Sync="TRUE">0</attwidth><atprecis Sync="TRUE">0</atprecis><attscale Sync="TRUE">0</attscale><attrdef Sync="TRUE">Feature geometry.</attrdef><attrdefs Sync="TRUE">ESRI</attrdefs><attrdomv><udom Sync="TRUE">Coordinates defining the features.</udom></attrdomv></attr><attr><attrlabl Sync="TRUE">OBJECTID</attrlabl><attalias Sync="TRUE">OBJECTID</attalias><attrtype Sync="TRUE">String</attrtype><attwidth Sync="TRUE">254</attwidth></attr><attr><attrlabl Sync="TRUE">WARD_ID</attrlabl><attalias Sync="TRUE">WARD_ID</attalias><attrtype Sync="TRUE">String</attrtype><attwidth Sync="TRUE">254</attwidth></attr><attr><attrlabl Sync="TRUE">WARD_NM</attrlabl><attalias Sync="TRUE">WARD_NM</attalias><attrtype Sync="TRUE">String</attrtype><attwidth Sync="TRUE">254</attwidth></attr></detailed></eainfo><mdDateSt Sync="TRUE">20160721</mdDateSt><dataqual><lineage><procstep><procdesc Sync="TRUE">Dataset copied.</procdesc><srcused Sync="TRUE"></srcused><procdate Sync="TRUE">20160309</procdate><proctime Sync="TRUE">13351600</proctime></procstep><procstep><procdesc Sync="TRUE">Dataset copied.</procdesc><srcused Sync="TRUE"></srcused><procdate Sync="TRUE">20160601</procdate><proctime Sync="TRUE">14453500</proctime></procstep><procstep><procdesc Sync="TRUE">Dataset copied.</procdesc><srcused Sync="TRUE"></srcused><procdate Sync="TRUE">20160603</procdate><proctime Sync="TRUE">15373000</proctime></procstep><procstep><procdesc Sync="TRUE">Dataset copied.</procdesc><srcused Sync="TRUE"></srcused><procdate Sync="TRUE">20160603</procdate><proctime Sync="TRUE">17134600</proctime></procstep><procstep><procdesc Sync="TRUE">Dataset copied.</procdesc><srcused Sync="TRUE"></srcused><procdate Sync="TRUE">20160614</procdate><proctime Sync="TRUE">11421300</proctime></procstep><procstep><procdesc Sync="TRUE">Dataset copied.</procdesc><srcused Sync="TRUE"></srcused><procdate Sync="TRUE">20160614</procdate><proctime Sync="TRUE">15461800</proctime></procstep><procstep><procdesc Sync="TRUE">Dataset copied.</procdesc><srcused Sync="TRUE"></srcused><procdate Sync="TRUE">20160614</procdate><proctime Sync="TRUE">17074400</proctime></procstep><procstep><procdesc Sync="TRUE">Dataset copied.</procdesc><srcused Sync="TRUE"></srcused><procdate Sync="TRUE">20160616</procdate><proctime Sync="TRUE">10311400</proctime></procstep><procstep><procdesc Sync="TRUE">Dataset copied.</procdesc><srcused Sync="TRUE"></srcused><procdate Sync="TRUE">20160721</procdate><proctime Sync="TRUE">11160100</proctime></procstep><procstep><procdesc Sync="TRUE">Dataset copied.</procdesc><srcused Sync="TRUE"></srcused><procdate Sync="TRUE">20160721</procdate><proctime Sync="TRUE">11173400</proctime></procstep><procstep><procdesc Sync="TRUE">Dataset copied.</procdesc><srcused Sync="TRUE">E:\#Workspace\#인천소방본부 업데이트\#완료데이터\주제도\GI_POLICE_A\GI_POLICE_A</srcused><procdate Sync="TRUE">20160831</procdate><proctime Sync="TRUE">09231100</proctime></procstep><procstep><procdesc Sync="TRUE">Dataset copied.</procdesc><srcused Sync="TRUE"></srcused><procdate Sync="TRUE">20161019</procdate><proctime Sync="TRUE">10211200</proctime></procstep><procstep><procdesc Sync="TRUE">Dataset copied.</procdesc><srcused Sync="TRUE"></srcused><procdate Sync="TRUE">20161019</procdate><proctime Sync="TRUE">10545000</proctime></procstep></lineage></dataqual></metadata>
