<metadata xml:lang="ko"><Esri><CreaDate>20130313</CreaDate><CreaTime>16301300</CreaTime><ArcGISFormat>1.0</ArcGISFormat><SyncOnce>FALSE</SyncOnce><DataProperties><itemProps><itemName Sync="TRUE">GI_WARD_P</itemName><imsContentType Sync="TRUE">002</imsContentType><itemLocation><linkage Sync="TRUE">file://\\GISSERVER1\Map_manager\SHP2017\171113\GI_WARD_P.shp</linkage><protocol Sync="TRUE">Local Area Network</protocol></itemLocation><itemSize Sync="TRUE">0.000</itemSize></itemProps><lineage><Process ToolSource="d:\program files\arcgis\desktop10.1\ArcToolbox\Toolboxes\Data Management Tools.tbx\Merge" Date="20130313" Time="161349">Merge 소방서소;소방본부;소방서센터 "D:\Documents and Settings\LAB01\My Documents\ArcGIS\Default.gdb\소방서소_Merge" "SIGUN "SIGUN" true true false 21 Text 0 0 ,First,#,소방서소,SIGUN,-1,-1,소방본부,SIGUN,-1,-1,소방서센터,SIGUN,-1,-1;GYMDONG "GYMDONG" true true false 21 Text 0 0 ,First,#,소방서소,GYMDONG,-1,-1,소방본부,GYMDONG,-1,-1,소방서센터,GYMDONG,-1,-1;DONGRI "DONGRI" true true false 21 Text 0 0 ,First,#,소방서소,DONGRI,-1,-1,소방본부,DONGRI,-1,-1,소방서센터,DONGRI,-1,-1;JIGUN "JIGUN" true true false 19 Text 0 0 ,First,#,소방서소,JIGUN,-1,-1,소방서센터,JIGUN,-1,-1;BONBUN "BONBUN" true true false 6 Text 0 0 ,First,#,소방서소,BONBUN,-1,-1,소방본부,BONBUN,-1,-1,소방서센터,BONBUN,-1,-1;BUBUN "BUBUN" true true false 6 Text 0 0 ,First,#,소방서소,BUBUN,-1,-1,소방본부,BUBUN,-1,-1,소방서센터,BUBUN,-1,-1;KWANHALKUB "KWANHALKUB" true true false 21 Text 0 0 ,First,#,소방서소,KWANHALKUB,-1,-1,소방서센터,KWANHALKUB,-1,-1;KWANHALNAM "KWANHALNAM" true true false 41 Text 0 0 ,First,#,소방서소,KWANHALNAM,-1,-1,소방서센터,KWANHALNAM,-1,-1;KWANHALPHO "KWANHALPHO" true true false 21 Text 0 0 ,First,#,소방서소,KWANHALPHO,-1,-1,소방서센터,KWANHALPHO,-1,-1;KWANHALMAN "KWANHALMAN" true true false 6 Text 0 0 ,First,#,소방서소,KWANHALMAN,-1,-1,소방서센터,KWANHALMAN,-1,-1;KWANHALETC "KWANHALETC" true true false 255 Text 0 0 ,First,#,소방서소,KWANHALETC,-1,-1,소방서센터,KWANHALETC,-1,-1;ETC "ETC" true true false 17 Text 0 0 ,First,#,소방서소,ETC,-1,-1,소방서센터,ETC,-1,-1;WARD_ID "WARD_ID" true true false 8 Text 0 0 ,First,#,소방서소,WARD_ID,-1,-1,소방서센터,WARD_ID,-1,-1;X_COORD "X_COORD" true true false 20 Double 6 19 ,First,#,소방서소,X_COORD,-1,-1,소방서센터,X_COORD,-1,-1;Y_COORD "Y_COORD" true true false 20 Double 6 19 ,First,#,소방서소,Y_COORD,-1,-1,소방서센터,Y_COORD,-1,-1;ORA_ID "ORA_ID" true true false 13 Text 0 0 ,First,#,소방서소,ORA_ID,-1,-1,소방서센터,ORA_ID,-1,-1;JIBUN "JIBUN" true true false 21 Text 0 0 ,First,#,소방본부,JIBUN,-1,-1;JIMOK "JIMOK" true true false 21 Text 0 0 ,First,#,소방본부,JIMOK,-1,-1;NAME "NAME" true true false 51 Text 0 0 ,First,#,소방본부,NAME,-1,-1"</Process><Process ToolSource="d:\program files\arcgis\desktop10.1\ArcToolbox\Toolboxes\Data Management Tools.tbx\CalculateField" Date="20130313" Time="162034">CalculateField GI_WARD_P_서센터위치 WARD_NM [KWANHALNAM] VB #</Process><Process ToolSource="d:\program files\arcgis\desktop10.1\ArcToolbox\Toolboxes\Data Management Tools.tbx\CalculateField" Date="20130313" Time="162104">CalculateField GI_WARD_P_서센터위치 TYPE_CD "2" VB #</Process><Process ToolSource="d:\program files\arcgis\desktop10.1\ArcToolbox\Toolboxes\Data Management Tools.tbx\CalculateField" Date="20130313" Time="162116">CalculateField GI_WARD_P_서센터위치 TYPE_CD "1" VB #</Process><Process ToolSource="d:\program files\arcgis\desktop10.1\ArcToolbox\Toolboxes\Data Management Tools.tbx\CalculateField" Date="20130313" Time="162133">CalculateField GI_WARD_P_서센터위치 TYPE_CD "2" VB #</Process><Process ToolSource="d:\program files\arcgis\desktop10.1\ArcToolbox\Toolboxes\Data Management Tools.tbx\CalculateField" Date="20130313" Time="162153">CalculateField GI_WARD_P_서센터위치 TYPE_CD "3" VB #</Process><Process ToolSource="d:\program files\arcgis\desktop10.1\ArcToolbox\Toolboxes\Data Management Tools.tbx\CalculateField" Date="20130313" Time="162209">CalculateField GI_WARD_P_서센터위치 GISID [FID]+1 VB #</Process><Process ToolSource="d:\program files\arcgis\desktop10.1\ArcToolbox\Toolboxes\Data Management Tools.tbx\CalculateField" Date="20130313" Time="162219">CalculateField GI_WARD_P_서센터위치 GISID [FID]+1 VB #</Process><Process ToolSource="d:\program files\arcgis\desktop10.1\ArcToolbox\Toolboxes\Data Management Tools.tbx\Project" Date="20130313" Time="162938">Project GI_WARD_P_서센터위치 "D:\Documents and Settings\LAB01\My Documents\ArcGIS\Default.gdb\GI_WARD_P_서센터위치_Project" PROJCS['PCS_ITRF2000_MTM',GEOGCS['GCS_ITRF_2000',DATUM['D_ITRF_2000',SPHEROID['GRS_1980',6378137.0,298.257222101]],PRIMEM['Greenwich',0.0],UNIT['Degree',0.0174532925199433]],PROJECTION['Transverse_Mercator'],PARAMETER['False_Easting',200000.0],PARAMETER['False_Northing',600000.0],PARAMETER['Central_Meridian',127.0],PARAMETER['Scale_Factor',1.0],PARAMETER['Latitude_Of_Origin',38.0],UNIT['Meter',1.0]] # PROJCS['PCS_ITRF2000_MTM',GEOGCS['GCS_ITRF_2000',DATUM['D_ITRF_2000',SPHEROID['GRS_1980',6378137.0,298.257222101]],PRIMEM['Greenwich',0.0],UNIT['Degree',0.0174532925199433]],PROJECTION['Transverse_Mercator'],PARAMETER['False_Easting',200000.0],PARAMETER['False_Northing',500000.0],PARAMETER['Central_Meridian',127.0],PARAMETER['Scale_Factor',1.0],PARAMETER['Latitude_Of_Origin',38.0],UNIT['Meter',1.0]]</Process><Process ToolSource="d:\program files\arcgis\desktop10.1\ArcToolbox\Toolboxes\Data Management Tools.tbx\CalculateField" Date="20130322" Time="014513">CalculateField GI_WARD_P_서센터위치 JI_LABEL [LABEL] VB #</Process><Process ToolSource="d:\program files\arcgis\desktop10.1\ArcToolbox\Toolboxes\Data Management Tools.tbx\CalculateField" Date="20130322" Time="203854">CalculateField GI_WARD_P_서센터위치 GISID [FID]+1 VB #</Process><Process ToolSource="d:\program files\arcgis\desktop10.1\ArcToolbox\Toolboxes\Data Management Tools.tbx\CalculateField" Date="20130322" Time="203914">CalculateField GI_WARD_P_서센터위치 TYPE_CD "" VB #</Process><Process ToolSource="d:\program files\arcgis\desktop10.1\ArcToolbox\Toolboxes\Data Management Tools.tbx\CalculateField" Date="20130322" Time="203953">CalculateField GI_WARD_P_서센터위치 TYPE_CD "1" VB #</Process><Process ToolSource="d:\program files\arcgis\desktop10.1\ArcToolbox\Toolboxes\Data Management Tools.tbx\CalculateField" Date="20130322" Time="204007">CalculateField GI_WARD_P_서센터위치 TYPE_CD "1" VB #</Process><Process ToolSource="d:\program files\arcgis\desktop10.1\ArcToolbox\Toolboxes\Data Management Tools.tbx\CalculateField" Date="20130322" Time="204021">CalculateField GI_WARD_P_서센터위치 TYPE_CD "2" VB #</Process><Process ToolSource="d:\program files\arcgis\desktop10.1\ArcToolbox\Toolboxes\Data Management Tools.tbx\CalculateField" Date="20130322" Time="204040">CalculateField GI_WARD_P_서센터위치 TYPE_CD "3" VB #</Process><Process ToolSource="d:\program files\arcgis\desktop10.1\ArcToolbox\Toolboxes\Data Management Tools.tbx\CalculateField" Date="20130322" Time="204123">CalculateField GI_WARD_P_서센터위치 TYPE_CD "2" VB #</Process><Process ToolSource="d:\program files\arcgis\desktop10.1\ArcToolbox\Toolboxes\Data Management Tools.tbx\CalculateField" Date="20130401" Time="152145">CalculateField GI_WARD_P_서센터위치 asd [WARD_ID] VB #</Process><Process ToolSource="d:\program files\arcgis\desktop10.1\ArcToolbox\Toolboxes\Data Management Tools.tbx\CalculateField" Date="20130401" Time="152206">CalculateField GI_WARD_P_서센터위치 WARD_ID [asd] VB #</Process><Process ToolSource="d:\program files\arcgis\desktop10.1\ArcToolbox\Toolboxes\Data Management Tools.tbx\CalculateField" Date="20130401" Time="152211">CalculateField GI_WARD_P_서센터위치 asd [WARD_NM] VB #</Process><Process ToolSource="d:\program files\arcgis\desktop10.1\ArcToolbox\Toolboxes\Data Management Tools.tbx\CalculateField" Date="20130401" Time="152227">CalculateField GI_WARD_P_서센터위치 WARD_NM [asd] VB #</Process><Process ToolSource="d:\program files\arcgis\desktop10.1\ArcToolbox\Toolboxes\Data Management Tools.tbx\CalculateField" Date="20130401" Time="152233">CalculateField GI_WARD_P_서센터위치 asd [TYPE_CD] VB #</Process><Process ToolSource="d:\program files\arcgis\desktop10.1\ArcToolbox\Toolboxes\Data Management Tools.tbx\CalculateField" Date="20130401" Time="152246">CalculateField GI_WARD_P_서센터위치 TYPE_CD [asd] VB #</Process><Process ToolSource="d:\program files\arcgis\desktop10.1\ArcToolbox\Toolboxes\Data Management Tools.tbx\CalculateField" Date="20130401" Time="152307">CalculateField GI_WARD_P_서센터위치 asd [D_SEOWARD] VB #</Process><Process ToolSource="d:\program files\arcgis\desktop10.1\ArcToolbox\Toolboxes\Data Management Tools.tbx\CalculateField" Date="20130401" Time="152344">CalculateField GI_WARD_P_서센터위치 D_SEOWARD [asd] VB #</Process><Process ToolSource="d:\program files\arcgis\desktop10.1\ArcToolbox\Toolboxes\Data Management Tools.tbx\CalculateField" Date="20130401" Time="152405">CalculateField GI_WARD_P_서센터위치 GISID [FID]+1 VB #</Process><Process ToolSource="c:\program files (x86)\arcgis\desktop10.1\ArcToolbox\Toolboxes\Data Management Tools.tbx\CopyFeatures" Date="20130422" Time="160111">CopyFeatures D:\맵관리\충북\SHP\20130422_수정\GI_WARD_P.shp "Database Connections\충북소방임시.sde\ERSS_GIS.GI_WARD_P_1" # 0 0 0</Process><Process ToolSource="c:\program files (x86)\arcgis\desktop10.1\ArcToolbox\Toolboxes\Data Management Tools.tbx\CopyFeatures" Date="20130429" Time="195546">CopyFeatures "Database Connections\충북소방임시.sde\ERSS_GIS.GI_WARD_P" D:\맵관리\충북\SHP\Server_20130429\GI_WARD_P.shp # 0 0 0</Process><Process ToolSource="c:\program files (x86)\arcgis\desktop10.1\ArcToolbox\Toolboxes\Data Management Tools.tbx\CopyFeatures" Date="20130429" Time="205707">CopyFeatures D:\맵관리\충북\SHP\Server_20130429\GI_WARD_P.shp D:\맵관리\충북\GDB\ERSS_GIS.gdb\GI_WARD_P # 0 0 0</Process><Process ToolSource="c:\program files (x86)\arcgis\desktop10.1\ArcToolbox\Toolboxes\Data Management Tools.tbx\CopyFeatures" Date="20130502" Time="164245">CopyFeatures C:\Map_Manage\GDB\ERSS_GIS.gdb\GI_WARD_P "Database Connections\Connection to 107.119.0.33.sde\ERSS_GIS.GI_WARD_P" # 0 0 0</Process><Process ToolSource="c:\program files\arcgis\desktop10.1\ArcToolbox\Toolboxes\Data Management Tools.tbx\CalculateField" Date="20131128" Time="135846">CalculateField ERSS_GIS.GI_WARD_P GISID "[OBJECTID] - 640" VB #</Process><Process ToolSource="c:\program files\arcgis\desktop10.1\ArcToolbox\Toolboxes\Data Management Tools.tbx\CalculateField" Date="20131128" Time="135906">CalculateField ERSS_GIS.GI_WARD_P GISID 103 VB #</Process><Process ToolSource="c:\program files (x86)\arcgis\desktop10.1\ArcToolbox\Toolboxes\Data Management Tools.tbx\CopyFeatures" Date="20140827" Time="193111">CopyFeatures "Database Connections\Connection to 107.119.0.33.sde\ERSS_GIS.GI_WARD_P" C:\Users\Administrator\Desktop\140827\GI_WARD_P.shp # 0 0 0</Process><Process ToolSource="c:\program files (x86)\arcgis\desktop10.1\ArcToolbox\Toolboxes\Data Management Tools.tbx\CopyFeatures" Date="20140915" Time="120325">CopyFeatures C:\Map_Manage\SHP\충북소방_관할구역변경_20140915\shp\주제도\GI_WARD_P.shp "Database Connections\Connection to 107.119.0.33.sde\ERSS_GIS.GI_WARD_P_2" # 0 0 0</Process><Process ToolSource="c:\program files (x86)\arcgis\desktop10.1\ArcToolbox\Toolboxes\Data Management Tools.tbx\CopyFeatures" Date="20171031" Time="110102">CopyFeatures E:\W_충북소방\2_입수\170913_소방자료\GI_WARD_P.shp E:\W_충북소방\4_작업\완료\CHUNBUK_WARD.gdb\GI_WARD_P # 0 0 0</Process><Process ToolSource="c:\arcgis\desktop10.1\ArcToolbox\Toolboxes\Data Management Tools.tbx\CopyFeatures" Date="20171113" Time="120636">CopyFeatures C:\Map_manager\GDB\ERSS_GIS.gdb\GI_WARD_P C:\Map_manager\SHP2017\171113\GI_WARD_P.shp # 0 0 0</Process></lineage><coordRef><type Sync="TRUE">Projected</type><geogcsn Sync="TRUE">GCS_ITRF_2000</geogcsn><csUnits Sync="TRUE">Linear Unit: Meter (1.000000)</csUnits><projcsn Sync="TRUE">PCS_ITRF2000_MTM</projcsn><peXml Sync="TRUE">&lt;ProjectedCoordinateSystem xsi:type='typens:ProjectedCoordinateSystem' xmlns:xsi='http://www.w3.org/2001/XMLSchema-instance' xmlns:xs='http://www.w3.org/2001/XMLSchema' xmlns:typens='http://www.esri.com/schemas/ArcGIS/10.1'&gt;&lt;WKT&gt;PROJCS[&amp;quot;PCS_ITRF2000_MTM&amp;quot;,GEOGCS[&amp;quot;GCS_ITRF_2000&amp;quot;,DATUM[&amp;quot;D_ITRF_2000&amp;quot;,SPHEROID[&amp;quot;GRS_1980&amp;quot;,6378137.0,298.257222101]],PRIMEM[&amp;quot;Greenwich&amp;quot;,0.0],UNIT[&amp;quot;Degree&amp;quot;,0.0174532925199433]],PROJECTION[&amp;quot;Transverse_Mercator&amp;quot;],PARAMETER[&amp;quot;False_Easting&amp;quot;,200000.0],PARAMETER[&amp;quot;False_Northing&amp;quot;,600000.0],PARAMETER[&amp;quot;Central_Meridian&amp;quot;,127.0],PARAMETER[&amp;quot;Scale_Factor&amp;quot;,1.0],PARAMETER[&amp;quot;Latitude_Of_Origin&amp;quot;,38.0],UNIT[&amp;quot;Meter&amp;quot;,1.0]]&lt;/WKT&gt;&lt;XOrigin&gt;-5423200&lt;/XOrigin&gt;&lt;YOrigin&gt;-13609600&lt;/YOrigin&gt;&lt;XYScale&gt;450265407.00157917&lt;/XYScale&gt;&lt;ZOrigin&gt;-100000&lt;/ZOrigin&gt;&lt;ZScale&gt;10000&lt;/ZScale&gt;&lt;MOrigin&gt;-100000&lt;/MOrigin&gt;&lt;MScale&gt;10000&lt;/MScale&gt;&lt;XYTolerance&gt;0.001&lt;/XYTolerance&gt;&lt;ZTolerance&gt;0.001&lt;/ZTolerance&gt;&lt;MTolerance&gt;0.001&lt;/MTolerance&gt;&lt;HighPrecision&gt;true&lt;/HighPrecision&gt;&lt;/ProjectedCoordinateSystem&gt;</peXml></coordRef></DataProperties><SyncDate>20171113</SyncDate><SyncTime>12063600</SyncTime><ModDate>20171113</ModDate><ModTime>12063600</ModTime></Esri><dataIdInfo><envirDesc Sync="TRUE"> Version 6.2 (Build 9200) ; Esri ArcGIS 10.1.0.3035</envirDesc><dataLang><languageCode value="kor" Sync="TRUE"></languageCode><countryCode value="KOR" Sync="TRUE"></countryCode></dataLang><idCitation><resTitle Sync="TRUE">GI_WARD_P</resTitle><presForm><PresFormCd value="005" Sync="TRUE"></PresFormCd></presForm></idCitation><spatRpType><SpatRepTypCd value="001" Sync="TRUE"></SpatRepTypCd></spatRpType></dataIdInfo><mdLang><languageCode value="kor" Sync="TRUE"></languageCode><countryCode value="KOR" Sync="TRUE"></countryCode></mdLang><distInfo><distFormat><formatName Sync="TRUE">Shapefile</formatName></distFormat><distributor><distorTran><onLineSrc><linkage Sync="TRUE">file://\\SHINJIH\E$\충북\3_구축\_완료\주제도\GI_WARD_P_서센터위치</linkage><protocol Sync="TRUE">Local Area Network</protocol></onLineSrc></distorTran></distributor><distTranOps><transSize Sync="TRUE">0.000</transSize></distTranOps></distInfo><mdHrLv><ScopeCd value="005" Sync="TRUE"></ScopeCd></mdHrLv><mdHrLvName Sync="TRUE">dataset</mdHrLvName><spatRepInfo><VectSpatRep><geometObjs Name="GI_WARD_P"><geoObjTyp><GeoObjTypCd value="004" Sync="TRUE"></GeoObjTypCd></geoObjTyp><geoObjCnt Sync="TRUE">0</geoObjCnt></geometObjs><topLvl><TopoLevCd value="001" Sync="TRUE"></TopoLevCd></topLvl></VectSpatRep></spatRepInfo><spdoinfo><ptvctinf><esriterm Name="GI_WARD_P"><efeatyp Sync="TRUE">Simple</efeatyp><efeageom code="1" Sync="TRUE"></efeageom><esritopo Sync="TRUE">FALSE</esritopo><efeacnt Sync="TRUE">0</efeacnt><spindex Sync="TRUE">FALSE</spindex><linrefer Sync="TRUE">FALSE</linrefer></esriterm></ptvctinf></spdoinfo><eainfo><detailed Name="GI_WARD_P"><enttyp><enttypl Sync="TRUE">GI_WARD_P</enttypl><enttypt Sync="TRUE">Feature Class</enttypt><enttypc Sync="TRUE">0</enttypc></enttyp><attr><attrlabl Sync="TRUE">FID</attrlabl><attalias Sync="TRUE">FID</attalias><attrtype Sync="TRUE">OID</attrtype><attwidth Sync="TRUE">4</attwidth><atprecis Sync="TRUE">0</atprecis><attscale Sync="TRUE">0</attscale><attrdef Sync="TRUE">Internal feature number.</attrdef><attrdefs Sync="TRUE">Esri</attrdefs><attrdomv><udom Sync="TRUE">Sequential unique whole numbers that are automatically generated.</udom></attrdomv></attr><attr><attrlabl Sync="TRUE">Shape</attrlabl><attalias Sync="TRUE">Shape</attalias><attrtype Sync="TRUE">Geometry</attrtype><attwidth Sync="TRUE">0</attwidth><atprecis Sync="TRUE">0</atprecis><attscale Sync="TRUE">0</attscale><attrdef Sync="TRUE">Feature geometry.</attrdef><attrdefs Sync="TRUE">Esri</attrdefs><attrdomv><udom Sync="TRUE">Coordinates defining the features.</udom></attrdomv></attr><attr><attrlabl Sync="TRUE">WARD_NM</attrlabl><attalias Sync="TRUE">WARD_NM</attalias><attrtype Sync="TRUE">String</attrtype><attwidth Sync="TRUE">50</attwidth><atprecis Sync="TRUE">0</atprecis><attscale Sync="TRUE">0</attscale></attr><attr><attrlabl Sync="TRUE">TYPE_CD</attrlabl><attalias Sync="TRUE">TYPE_CD</attalias><attrtype Sync="TRUE">String</attrtype><attwidth Sync="TRUE">1</attwidth><atprecis Sync="TRUE">0</atprecis><attscale Sync="TRUE">0</attscale></attr><attr><attrlabl Sync="TRUE">ISLND_CD</attrlabl><attalias Sync="TRUE">ISLND_CD</attalias><attrtype Sync="TRUE">String</attrtype><attwidth Sync="TRUE">1</attwidth><atprecis Sync="TRUE">0</atprecis><attscale Sync="TRUE">0</attscale></attr><attr><attrlabl Sync="TRUE">D_SEOWARD</attrlabl><attalias Sync="TRUE">D_SEOWARD</attalias><attrtype Sync="TRUE">String</attrtype><attwidth Sync="TRUE">7</attwidth><atprecis Sync="TRUE">0</atprecis><attscale Sync="TRUE">0</attscale></attr><attr><attrlabl Sync="TRUE">GISID</attrlabl><attalias Sync="TRUE">GISID</attalias><attrtype Sync="TRUE">Double</attrtype><attwidth Sync="TRUE">19</attwidth><atprecis Sync="TRUE">0</atprecis><attscale Sync="TRUE">0</attscale></attr><attr><attrlabl Sync="TRUE">NAVI_X</attrlabl><attalias Sync="TRUE">NAVI_X</attalias><attrtype Sync="TRUE">Double</attrtype><attwidth Sync="TRUE">19</attwidth><atprecis Sync="TRUE">0</atprecis><attscale Sync="TRUE">0</attscale></attr><attr><attrlabl Sync="TRUE">NAVI_Y</attrlabl><attalias Sync="TRUE">NAVI_Y</attalias><attrtype Sync="TRUE">Double</attrtype><attwidth Sync="TRUE">19</attwidth><atprecis Sync="TRUE">0</atprecis><attscale Sync="TRUE">0</attscale></attr><attr><attrlabl Sync="TRUE">WARD_ID</attrlabl><attalias Sync="TRUE">WARD_ID</attalias><attrtype Sync="TRUE">String</attrtype><attwidth Sync="TRUE">7</attwidth><atprecis Sync="TRUE">0</atprecis><attscale Sync="TRUE">0</attscale></attr></detailed></eainfo><mdDateSt Sync="TRUE">20171113</mdDateSt><idinfo><citation><citeinfo><onlink Sync="TRUE">\\SHINJIH\E$\충북\3_구축\_완료\주제도\GI_WARD_P_서센터위치</onlink></citeinfo></citation></idinfo><dataqual><lineage><procstep><procdesc Sync="TRUE">Dataset moved.</procdesc><srcused Sync="TRUE">E:\충북\3_구축\_완료\GI_WARD_P_서센터위치</srcused><procdate Sync="TRUE">20130327</procdate><proctime Sync="TRUE">15442300</proctime></procstep></lineage></dataqual><mdChar><CharSetCd value="004" Sync="TRUE"></CharSetCd></mdChar><refSysInfo><RefSystem><refSysID><identCode code="0" Sync="TRUE" value="0"></identCode></refSysID></RefSystem></refSysInfo></metadata>
