date.gs,스테디셀러,우상향상품,"계절성(가을,겨울)",계절성(여름)
2016-01-01,37062.0,7387.0,3820.0,5638.0
2016-01-02,42207.0,6947.0,4806.0,6217.0
2016-01-03,41589.0,8044.0,4255.0,5675.0
2016-01-04,43452.0,7205.0,3524.0,5858.0
2016-01-05,36334.0,6807.0,4036.0,5746.0
2016-01-06,39728.0,7208.0,4729.0,5343.0
2016-01-07,44509.0,7716.0,3746.0,5818.0
2016-01-08,43524.0,7973.0,4728.0,6768.0
2016-01-09,52895.0,9033.0,5240.0,6767.0
2016-01-10,49393.0,7972.0,4691.0,6106.0
2016-01-11,38274.0,7239.0,3930.0,5454.0
2016-01-12,41335.0,7717.0,3889.0,5998.0
2016-01-13,41338.0,7170.0,4293.0,4980.0
2016-01-14,37505.0,8593.0,3233.0,5930.0
2016-01-15,44032.0,7275.0,5604.0,5091.0
2016-01-16,43305.0,7717.0,5307.0,5745.0
2016-01-17,50531.0,5453.0,4473.0,5414.0
2016-01-18,36736.0,6039.0,4440.0,5130.0
2016-01-19,40496.0,5821.0,4400.0,6441.0
2016-01-20,41809.0,7718.0,5095.0,5488.0
2016-01-21,44368.0,7863.0,5239.0,5703.0
2016-01-22,47107.0,6406.0,4619.0,6842.0
2016-01-23,42094.0,7647.0,5457.0,6399.0
2016-01-24,41736.0,5165.0,5205.0,6258.0
2016-01-25,39112.0,7683.0,4984.0,7091.0
2016-01-26,44732.0,5968.0,4766.0,5491.0
2016-01-27,42570.0,6693.0,3965.0,6034.0
2016-01-28,34148.0,6440.0,4182.0,6074.0
2016-01-29,38822.0,7319.0,3815.0,5819.0
2016-01-30,38375.0,6515.0,4695.0,6254.0
2016-01-31,43917.0,7023.0,4914.0,6438.0
2016-02-01,40277.0,7497.0,4399.0,4609.0
2016-02-02,40787.0,7169.0,3529.0,6183.0
2016-02-03,42208.0,8190.0,3563.0,5748.0
2016-02-04,41149.0,7353.0,4075.0,6072.0
2016-02-05,47288.0,8336.0,4766.0,5778.0
2016-02-06,36083.0,8082.0,4763.0,6982.0
2016-02-07,41078.0,7391.0,3383.0,4508.0
2016-02-08,31781.0,4764.0,3889.0,4581.0
2016-02-09,46149.0,9177.0,4984.0,6320.0
2016-02-10,40676.0,9797.0,4657.0,6109.0
2016-02-11,34989.0,11329.0,4440.0,7709.0
2016-02-12,54035.0,9787.0,4070.0,7750.0
2016-02-13,36882.0,10341.0,3565.0,5891.0
2016-02-14,36879.0,9430.0,4364.0,7237.0
2016-02-15,42767.0,7607.0,4144.0,7133.0
2016-02-16,34806.0,7537.0,3855.0,6109.0
2016-02-17,46522.0,7170.0,4216.0,6768.0
2016-02-18,38522.0,8264.0,4474.0,6147.0
2016-02-19,38168.0,7459.0,2868.0,6618.0
2016-02-20,43601.0,6877.0,4770.0,6000.0
2016-02-21,36338.0,6589.0,3309.0,5742.0
2016-02-22,43742.0,7062.0,3269.0,5964.0
2016-02-23,43931.0,8340.0,3419.0,7531.0
2016-02-24,41884.0,6587.0,3818.0,5345.0
2016-02-25,43124.0,7536.0,4655.0,6946.0
2016-02-26,34884.0,7572.0,4768.0,6110.0
2016-02-27,42796.0,8189.0,4619.0,7308.0
2016-02-28,46741.0,6953.0,4365.0,5673.0
2016-02-29,49906.0,8450.0,5167.0,7127.0
2016-03-01,53556.0,8189.0,6044.0,9127.0
2016-03-02,86208.0,12673.0,5316.0,11719.0
2016-03-03,77055.0,11909.0,3743.0,11934.0
2016-03-04,84206.0,12093.0,5308.0,10768.0
2016-03-05,73297.0,11144.0,4510.0,9423.0
2016-03-06,72269.0,15557.0,5751.0,13504.0
2016-03-07,39841.0,9171.0,3056.0,6654.0
2016-03-08,34440.0,7496.0,3013.0,6621.0
2016-03-09,46762.0,7382.0,3818.0,6653.0
2016-03-10,41887.0,6257.0,4619.0,7023.0
2016-03-11,35168.0,7419.0,5315.0,7378.0
2016-03-12,43113.0,9430.0,4584.0,6838.0
2016-03-13,44650.0,8368.0,5566.0,8148.0
2016-03-14,44724.0,8560.0,5134.0,6979.0
2016-03-15,33530.0,7427.0,3929.0,6905.0
2016-03-16,41726.0,7244.0,3201.0,8148.0
2016-03-17,35208.0,6512.0,2795.0,5231.0
2016-03-18,41295.0,7826.0,2871.0,6763.0
2016-03-19,38269.0,8628.0,4914.0,6803.0
2016-03-20,39430.0,6185.0,4325.0,6653.0
2016-03-21,40675.0,6985.0,2689.0,8616.0
2016-03-22,30106.0,7024.0,2690.0,6072.0
2016-03-23,37940.0,7717.0,3016.0,5527.0
2016-03-24,40489.0,7128.0,3164.0,7018.0
2016-03-25,39246.0,10160.0,3415.0,7201.0
2016-03-26,49798.0,9682.0,4294.0,7968.0
2016-03-27,45565.0,10158.0,3781.0,8550.0
2016-03-28,44109.0,8003.0,4185.0,7674.0
2016-03-29,38091.0,6697.0,3344.0,5596.0
2016-03-30,39249.0,9028.0,3234.0,8329.0
2016-03-31,44983.0,8699.0,2468.0,7598.0
2016-04-01,40214.0,7747.0,3015.0,7892.0
2016-04-02,55927.0,8228.0,4511.0,8764.0
2016-04-03,42612.0,6915.0,3892.0,8328.0
2016-04-04,44584.0,6989.0,3419.0,7859.0
2016-04-05,50779.0,8993.0,4692.0,9128.0
2016-04-06,41155.0,7130.0,2906.0,8983.0
2016-04-07,43965.0,7711.0,3965.0,8728.0
2016-04-08,40166.0,7749.0,3379.0,9671.0
2016-04-09,41120.0,6225.0,3891.0,8983.0
2016-04-10,44035.0,6622.0,3528.0,10723.0
2016-04-11,41264.0,8339.0,3344.0,10187.0
2016-04-12,46263.0,8155.0,3092.0,8761.0
2016-04-13,46265.0,7021.0,3708.0,10622.0
2016-04-14,41851.0,8741.0,3638.0,9747.0
2016-04-15,38755.0,8227.0,3889.0,10876.0
2016-04-16,44585.0,5858.0,2468.0,9202.0
2016-04-17,39585.0,7902.0,3382.0,9490.0
2016-04-18,36921.0,6803.0,3459.0,8065.0
2016-04-19,47321.0,7387.0,3524.0,9205.0
2016-04-20,46635.0,6844.0,2466.0,9820.0
2016-04-21,37252.0,7794.0,3527.0,9530.0
2016-04-22,41304.0,8559.0,2000.0,10329.0
2016-04-23,40430.0,6847.0,3416.0,11205.0
2016-04-24,45166.0,6403.0,3488.0,10547.0
2016-04-25,35535.0,7208.0,3163.0,10181.0
2016-04-26,36746.0,7898.0,3269.0,9278.0
2016-04-27,39659.0,7281.0,2910.0,8799.0
2016-04-28,45394.0,5817.0,2831.0,10435.0
2016-04-29,38857.0,8919.0,3237.0,10693.0
2016-04-30,44324.0,7750.0,3344.0,11170.0
2016-05-01,52980.0,8558.0,3306.0,11458.0
2016-05-02,40792.0,8524.0,2365.0,10219.0
2016-05-03,41455.0,8044.0,2432.0,8327.0
2016-05-04,39806.0,8848.0,2540.0,11239.0
2016-05-05,37946.0,8299.0,3671.0,11710.0
2016-05-06,45570.0,8994.0,3743.0,11426.0
2016-05-07,39509.0,8117.0,3561.0,11932.0
2016-05-08,45061.0,8369.0,3196.0,12251.0
2016-05-09,39149.0,8154.0,3124.0,12116.0
2016-05-10,39440.0,8300.0,2615.0,9777.0
2016-05-11,37982.0,8482.0,3272.0,9970.0
2016-05-12,40166.0,7828.0,2728.0,12517.0
2016-05-13,38304.0,8006.0,2291.0,11789.0
2016-05-14,55021.0,9136.0,3163.0,12655.0
2016-05-15,41881.0,7751.0,2982.0,9524.0
2016-05-16,50931.0,9538.0,3380.0,12069.0
2016-05-17,42216.0,7900.0,2323.0,10617.0
2016-05-18,40025.0,9434.0,2327.0,11059.0
2016-05-19,40498.0,9171.0,2910.0,10143.0
2016-05-20,45280.0,9064.0,2983.0,12586.0
2016-05-21,41811.0,7754.0,3419.0,13276.0
2016-05-22,43297.0,7717.0,3529.0,12728.0
2016-05-23,42399.0,8336.0,2722.0,11598.0
2016-05-24,39952.0,8191.0,2874.0,8139.0
2016-05-25,41630.0,7462.0,2798.0,8437.0
2016-05-26,39146.0,9833.0,2543.0,10585.0
2016-05-27,40427.0,8009.0,2214.0,11055.0
2016-05-28,48126.0,7388.0,3090.0,11419.0
2016-05-29,48631.0,6471.0,2941.0,12370.0
2016-05-30,35502.0,8879.0,3199.0,12037.0
2016-05-31,48813.0,9681.0,2692.0,11160.0
2016-06-01,74683.0,14422.0,3961.0,18053.0
2016-06-02,86756.0,12672.0,4188.0,17648.0
2016-06-03,77090.0,12999.0,4476.0,15897.0
2016-06-04,70919.0,12417.0,4510.0,16125.0
2016-06-05,74104.0,11976.0,4585.0,16126.0
2016-06-06,75619.0,13662.0,3746.0,15322.0
2016-06-07,73802.0,14531.0,3928.0,15607.0
2016-06-08,47760.0,9251.0,2761.0,10400.0
2016-06-09,51295.0,8699.0,2544.0,10335.0
2016-06-10,47615.0,7096.0,3052.0,11528.0
2016-06-11,38383.0,7421.0,3126.0,9892.0
2016-06-12,50641.0,7793.0,2507.0,11014.0
2016-06-13,48491.0,7533.0,2399.0,10078.0
2016-06-14,43755.0,7901.0,2545.0,10215.0
2016-06-15,39511.0,8737.0,2362.0,9602.0
2016-06-16,39001.0,9610.0,3198.0,9821.0
2016-06-17,41663.0,9173.0,2581.0,11782.0
2016-06-18,49805.0,9903.0,3819.0,11351.0
2016-06-19,47509.0,9684.0,3276.0,10840.0
2016-06-20,38239.0,8369.0,2834.0,10615.0
2016-06-21,43674.0,7495.0,2835.0,10695.0
2016-06-22,48414.0,9649.0,2071.0,9601.0
2016-06-23,41202.0,9025.0,3126.0,10474.0
2016-06-24,41742.0,10266.0,2727.0,10256.0
2016-06-25,36347.0,8010.0,2942.0,10366.0
2016-06-26,46997.0,7566.0,2618.0,11568.0
2016-06-27,45208.0,10562.0,2143.0,11347.0
2016-06-28,36116.0,9393.0,2109.0,10108.0
2016-06-29,41513.0,10521.0,2981.0,10837.0
2016-06-30,47027.0,8407.0,2576.0,9268.0
2016-07-01,37439.0,9394.0,1706.0,8801.0
2016-07-02,41410.0,9688.0,2326.0,11821.0
2016-07-03,43020.0,8915.0,1852.0,12151.0
2016-07-04,44337.0,8771.0,2000.0,9606.0
2016-07-05,39045.0,9138.0,2036.0,9634.0
2016-07-06,37473.0,10051.0,2435.0,10368.0
2016-07-07,39334.0,9136.0,1854.0,10145.0
2016-07-08,50749.0,9974.0,2291.0,11490.0
2016-07-09,48999.0,9065.0,2581.0,12843.0
2016-07-10,47100.0,9648.0,2180.0,13058.0
2016-07-11,45389.0,9323.0,2110.0,11383.0
2016-07-12,41699.0,9394.0,2614.0,10837.0
2016-07-13,45090.0,10958.0,2219.0,14037.0
2016-07-14,46774.0,10489.0,2399.0,13978.0
2016-07-15,45419.0,10234.0,2251.0,10836.0
2016-07-16,48598.0,7674.0,1851.0,11677.0
2016-07-17,42323.0,9651.0,2542.0,11346.0
2016-07-18,42541.0,9611.0,2432.0,9126.0
2016-07-19,45504.0,9832.0,2034.0,11599.0
2016-07-20,40246.0,10672.0,1924.0,9277.0
2016-07-21,66477.0,10703.0,2141.0,11494.0
2016-07-22,64287.0,10195.0,2325.0,12399.0
2016-07-23,49291.0,10778.0,2438.0,10984.0
2016-07-24,64544.0,10229.0,2324.0,11673.0
2016-07-25,56478.0,10339.0,1454.0,11708.0
2016-07-26,54250.0,8698.0,1777.0,10506.0
2016-07-27,50061.0,10342.0,1708.0,9994.0
2016-07-28,46691.0,10084.0,2329.0,10255.0
2016-07-29,40758.0,11650.0,1780.0,11312.0
2016-07-30,46955.0,10121.0,3383.0,11922.0
2016-07-31,56888.0,8009.0,1962.0,13065.0
2016-08-01,43744.0,8624.0,2071.0,10835.0
2016-08-02,34993.0,8338.0,2070.0,10437.0
2016-08-03,39988.0,8515.0,2361.0,11458.0
2016-08-04,39738.0,10412.0,2724.0,10763.0
2016-08-05,42433.0,8154.0,2216.0,11563.0
2016-08-06,39883.0,9940.0,2833.0,11974.0
2016-08-07,47029.0,8333.0,2874.0,10511.0
2016-08-08,45645.0,7675.0,2110.0,12510.0
2016-08-09,35181.0,7646.0,2472.0,9526.0
2016-08-10,37474.0,8808.0,2545.0,10294.0
2016-08-11,38273.0,10338.0,2943.0,9896.0
2016-08-12,48195.0,10232.0,2322.0,10475.0
2016-08-13,43462.0,9314.0,2253.0,11858.0
2016-08-14,48969.0,10630.0,1667.0,11455.0
2016-08-15,39257.0,8992.0,2726.0,10909.0
2016-08-16,59144.0,11213.0,3051.0,11129.0
2016-08-17,43821.0,10235.0,2725.0,10870.0
2016-08-18,40063.0,9938.0,2182.0,11352.0
2016-08-19,40203.0,8918.0,2435.0,8803.0
2016-08-20,55091.0,11356.0,2943.0,11020.0
2016-08-21,44333.0,9026.0,3413.0,11676.0
2016-08-22,27584.0,9065.0,2692.0,10108.0
2016-08-23,40502.0,7527.0,2727.0,8327.0
2016-08-24,43717.0,8666.0,3056.0,11020.0
2016-08-25,38825.0,7234.0,2651.0,9272.0
2016-08-26,46963.0,9134.0,2215.0,8473.0
2016-08-27,53302.0,9791.0,4584.0,9205.0
2016-08-28,50970.0,9107.0,5969.0,9307.0
2016-08-29,48633.0,8913.0,4184.0,9567.0
2016-08-30,50570.0,7863.0,4550.0,10405.0
2016-08-31,44113.0,7974.0,3928.0,7122.0
2016-09-01,81695.0,16573.0,6661.0,12913.0
2016-09-02,61329.0,16176.0,5820.0,12768.0
2016-09-03,90199.0,17776.0,6330.0,14339.0
2016-09-04,74825.0,13950.0,6373.0,12556.0
2016-09-05,77748.0,17596.0,5526.0,14264.0
2016-09-06,72239.0,15854.0,5893.0,12005.0
2016-09-07,84162.0,18831.0,6116.0,15214.0
2016-09-08,46883.0,7826.0,3600.0,7923.0
2016-09-09,44584.0,8154.0,4217.0,8983.0
2016-09-10,51733.0,9103.0,5786.0,10036.0
2016-09-11,42174.0,8189.0,4619.0,8660.0
2016-09-12,45241.0,9210.0,3638.0,6540.0
2016-09-13,55055.0,9243.0,3819.0,9605.0
2016-09-14,44227.0,7572.0,3165.0,5781.0
2016-09-15,39042.0,6440.0,2831.0,6215.0
2016-09-16,55207.0,8813.0,3925.0,7055.0
2016-09-17,47801.0,10160.0,4765.0,9460.0
2016-09-18,45894.0,7822.0,4582.0,9603.0
2016-09-19,59908.0,8703.0,5128.0,9491.0
2016-09-20,44217.0,7200.0,4580.0,8514.0
2016-09-21,42369.0,8158.0,4622.0,7304.0
2016-09-22,50711.0,8772.0,4581.0,7421.0
2016-09-23,38819.0,8520.0,5785.0,9349.0
2016-09-24,49217.0,10049.0,4698.0,10408.0
2016-09-25,57386.0,9467.0,4404.0,9274.0
2016-09-26,42324.0,7460.0,3779.0,8250.0
2016-09-27,40755.0,8120.0,3167.0,6763.0
2016-09-28,54947.0,8737.0,4219.0,6726.0
2016-09-29,40857.0,8153.0,4216.0,7452.0
2016-09-30,38817.0,8629.0,3455.0,10149.0
2016-10-01,48051.0,10853.0,4950.0,11020.0
2016-10-02,45598.0,6547.0,4108.0,7452.0
2016-10-03,42064.0,10269.0,3819.0,10262.0
2016-10-04,54761.0,7713.0,3307.0,8072.0
2016-10-05,44838.0,8191.0,4327.0,8476.0
2016-10-06,44039.0,8991.0,4113.0,9058.0
2016-10-07,39587.0,8733.0,4146.0,6835.0
2016-10-08,54505.0,9576.0,4765.0,9679.0
2016-10-09,39542.0,8849.0,4655.0,9242.0
2016-10-10,53743.0,8230.0,5421.0,8332.0
2016-10-11,37910.0,8446.0,4836.0,8620.0
2016-10-12,45889.0,8300.0,5421.0,8471.0
2016-10-13,47105.0,10233.0,5312.0,9640.0
2016-10-14,46105.0,9430.0,5014.0,7711.0
2016-10-15,46810.0,9904.0,4364.0,9717.0
2016-10-16,45709.0,8771.0,5021.0,8401.0
2016-10-17,48742.0,8446.0,3452.0,7231.0
2016-10-18,39550.0,9539.0,3236.0,6946.0
2016-10-19,50998.0,9676.0,4147.0,8511.0
2016-10-20,45891.0,7528.0,3090.0,7416.0
2016-10-21,36301.0,9027.0,3926.0,7197.0
2016-10-22,51047.0,8876.0,4617.0,8733.0
2016-10-23,50792.0,8482.0,4110.0,8402.0
2016-10-24,41122.0,8300.0,4184.0,7529.0
2016-10-25,39357.0,8626.0,3521.0,6252.0
2016-10-26,40935.0,9323.0,3452.0,6941.0
2016-10-27,50819.0,7280.0,3233.0,7855.0
2016-10-28,36185.0,8848.0,4182.0,6288.0
2016-10-29,47642.0,9353.0,6625.0,8185.0
2016-10-30,50670.0,8523.0,5418.0,7016.0
2016-10-31,42210.0,8736.0,4364.0,7310.0
2016-11-01,47574.0,7899.0,5642.0,7348.0
2016-11-02,49471.0,8191.0,5931.0,7964.0
2016-11-03,41404.0,10158.0,6045.0,7788.0
2016-11-04,41149.0,9029.0,4548.0,5555.0
2016-11-05,43996.0,9431.0,4657.0,6941.0
2016-11-06,50522.0,7825.0,4620.0,7198.0
2016-11-07,40314.0,8266.0,3820.0,5959.0
2016-11-08,50091.0,7717.0,4109.0,7787.0
2016-11-09,48811.0,7862.0,4582.0,5816.0
2016-11-10,39214.0,7933.0,4656.0,7966.0
2016-11-11,46743.0,8882.0,5239.0,8369.0
2016-11-12,40418.0,8917.0,5239.0,8513.0
2016-11-13,42651.0,7859.0,4439.0,7351.0
2016-11-14,41043.0,7823.0,3382.0,7526.0
2016-11-15,43740.0,7570.0,3962.0,7124.0
2016-11-16,40347.0,8991.0,3637.0,6073.0
2016-11-17,42757.0,8990.0,3964.0,7856.0
2016-11-18,47495.0,8554.0,4294.0,7310.0
2016-11-19,51223.0,10516.0,4327.0,6545.0
2016-11-20,43851.0,9832.0,4293.0,8147.0
2016-11-21,51395.0,7464.0,3489.0,6983.0
2016-11-22,50090.0,8815.0,4476.0,8107.0
2016-11-23,43846.0,7465.0,4257.0,6656.0
2016-11-24,47609.0,8517.0,5020.0,7672.0
2016-11-25,47795.0,9650.0,5243.0,6869.0
2016-11-26,41948.0,8407.0,5131.0,6982.0
2016-11-27,48670.0,7347.0,4431.0,8252.0
2016-11-28,43775.0,9067.0,5055.0,7967.0
2016-11-29,43387.0,9610.0,4802.0,7856.0
2016-11-30,41806.0,9321.0,3999.0,8586.0
2016-12-01,78176.0,16431.0,7502.0,10914.0
2016-12-02,78831.0,14717.0,7030.0,12262.0
2016-12-03,71321.0,12890.0,6042.0,10549.0
2016-12-04,73991.0,14019.0,6479.0,11134.0
2016-12-05,80551.0,15261.0,5675.0,10912.0
2016-12-06,81242.0,14168.0,5017.0,12448.0
2016-12-07,81137.0,17490.0,7502.0,14374.0
2016-12-08,43593.0,6548.0,5789.0,7964.0
2016-12-09,44763.0,9649.0,3888.0,6545.0
2016-12-10,52862.0,7829.0,4399.0,6140.0
2016-12-11,40566.0,8186.0,3890.0,6832.0
2016-12-12,46658.0,8185.0,4438.0,6871.0
2016-12-13,52388.0,9354.0,4838.0,6947.0
2016-12-14,46371.0,8258.0,4624.0,6834.0
2016-12-15,37352.0,8848.0,4437.0,8554.0
2016-12-16,38381.0,8627.0,5168.0,8326.0
2016-12-17,52791.0,9251.0,5494.0,7780.0
2016-12-18,49582.0,8336.0,5603.0,7604.0
2016-12-19,43376.0,9649.0,4070.0,8584.0
2016-12-20,46918.0,9829.0,4657.0,8446.0
2016-12-21,49176.0,7787.0,3745.0,6543.0
2016-12-22,39182.0,8222.0,2579.0,7531.0
2016-12-23,44213.0,10452.0,4801.0,7672.0
2016-12-24,43849.0,10959.0,5234.0,8441.0
2016-12-25,50671.0,9828.0,5166.0,8620.0
2016-12-26,47393.0,9579.0,3708.0,6943.0
2016-12-27,55862.0,9575.0,3420.0,8255.0
2016-12-28,41960.0,7826.0,4000.0,7894.0
2016-12-29,43161.0,6549.0,4440.0,7308.0
2016-12-30,53300.0,7749.0,5132.0,7494.0
2016-12-31,55744.0,9356.0,5388.0,6508.0
2017-01-01,48018.0,7643.0,3965.0,6656.0
2017-01-02,54069.0,8335.0,4218.0,7021.0
2017-01-03,54873.0,7238.0,4222.0,6839.0
2017-01-04,49655.0,7717.0,3563.0,6583.0
2017-01-05,46512.0,7170.0,4222.0,6586.0
2017-01-06,51736.0,8334.0,4187.0,7677.0
2017-01-07,36733.0,9394.0,4110.0,6468.0
2017-01-08,48819.0,8374.0,4076.0,6507.0
2017-01-09,44071.0,8189.0,3998.0,6401.0
2017-01-10,46551.0,9285.0,4983.0,7126.0
2017-01-11,46745.0,8481.0,3200.0,7343.0
2017-01-12,47327.0,9136.0,4329.0,7129.0
2017-01-13,37843.0,7715.0,3561.0,7023.0
2017-01-14,41305.0,8225.0,4730.0,5382.0
2017-01-15,43195.0,7135.0,4727.0,6214.0
2017-01-16,42800.0,7608.0,4547.0,7236.0
2017-01-17,54661.0,8263.0,5095.0,7385.0
2017-01-18,47279.0,7605.0,4547.0,5783.0
2017-01-19,50017.0,7720.0,4146.0,8221.0
2017-01-20,51302.0,7641.0,4733.0,6689.0
2017-01-21,43314.0,7680.0,4370.0,7746.0
2017-01-22,41273.0,7063.0,4623.0,7310.0
2017-01-23,44513.0,8408.0,3818.0,7384.0
2017-01-24,41527.0,8153.0,4038.0,6908.0
2017-01-25,51332.0,7241.0,4694.0,6611.0
2017-01-26,44152.0,7967.0,4039.0,8220.0
2017-01-27,35093.0,6990.0,3238.0,6546.0
2017-01-28,28392.0,7609.0,2725.0,5271.0
2017-01-29,31197.0,8954.0,3378.0,5858.0
2017-01-30,45600.0,8048.0,4731.0,7199.0
2017-01-31,50926.0,10082.0,3419.0,6977.0
2017-02-01,44937.0,9214.0,4624.0,8589.0
2017-02-02,49537.0,8957.0,4330.0,7782.0
2017-02-03,50524.0,7568.0,3929.0,7748.0
2017-02-04,37757.0,7277.0,3528.0,4903.0
2017-02-05,37029.0,8078.0,3674.0,7675.0
2017-02-06,41412.0,7610.0,3310.0,6474.0
2017-02-07,46077.0,7208.0,3783.0,6762.0
2017-02-08,36366.0,7132.0,4731.0,8179.0
2017-02-09,44652.0,9172.0,4186.0,7459.0
2017-02-10,38158.0,9100.0,4690.0,7459.0
2017-02-11,44472.0,8736.0,4399.0,6727.0
2017-02-12,42681.0,9399.0,4001.0,7638.0
2017-02-13,49511.0,8483.0,3564.0,7423.0
2017-02-14,46331.0,8081.0,4765.0,8363.0
2017-02-15,46807.0,9436.0,2980.0,5780.0
2017-02-16,41734.0,7495.0,3197.0,8219.0
2017-02-17,44767.0,9429.0,4510.0,6949.0
2017-02-18,39516.0,10229.0,3710.0,6798.0
2017-02-19,42656.0,8121.0,3562.0,6509.0
2017-02-20,47102.0,8336.0,4405.0,7637.0
2017-02-21,45781.0,9649.0,4074.0,7492.0
2017-02-22,41735.0,8339.0,3092.0,7021.0
2017-02-23,40934.0,8044.0,4217.0,5959.0
2017-02-24,37030.0,10196.0,3094.0,7564.0
2017-02-25,54945.0,9277.0,3819.0,7893.0
2017-02-26,46987.0,10123.0,3853.0,9389.0
2017-02-27,45347.0,9138.0,4145.0,8910.0
2017-02-28,47756.0,8591.0,3817.0,7343.0
2017-03-01,63946.0,12672.0,4436.0,11573.0
2017-03-02,65236.0,12121.0,5062.0,11572.0
2017-03-03,63336.0,13696.0,4512.0,12486.0
2017-03-04,62709.0,16288.0,4767.0,11504.0
2017-03-05,57021.0,10191.0,3604.0,10736.0
2017-03-06,65736.0,11762.0,4145.0,10261.0
2017-03-07,64427.0,12565.0,4293.0,12518.0
2017-03-08,42572.0,9796.0,3381.0,8191.0
2017-03-09,43196.0,9243.0,2905.0,6078.0
2017-03-10,40061.0,9868.0,3019.0,6985.0
2017-03-11,38166.0,12087.0,4399.0,8181.0
2017-03-12,51331.0,11476.0,3306.0,7165.0
2017-03-13,49245.0,9100.0,3344.0,7928.0
2017-03-14,51002.0,12053.0,3194.0,8769.0
2017-03-15,37508.0,8263.0,3493.0,6507.0
2017-03-16,40529.0,9506.0,3414.0,7018.0
2017-03-17,43238.0,10922.0,3089.0,6105.0
2017-03-18,41076.0,10816.0,4221.0,8068.0
2017-03-19,35363.0,8663.0,3895.0,7086.0
2017-03-20,41773.0,7682.0,3275.0,7270.0
2017-03-21,52132.0,8882.0,3634.0,6833.0
2017-03-22,43855.0,8229.0,4148.0,6911.0
2017-03-23,49654.0,9210.0,2581.0,6435.0
2017-03-24,50609.0,9575.0,3348.0,7162.0
2017-03-25,46377.0,8630.0,3308.0,7819.0
2017-03-26,54290.0,7639.0,3595.0,8183.0
2017-03-27,42537.0,7971.0,2909.0,6030.0
2017-03-28,52535.0,9028.0,3090.0,7092.0
2017-03-29,44512.0,7536.0,2872.0,7637.0
2017-03-30,49954.0,8483.0,3239.0,7635.0
2017-03-31,42032.0,8516.0,2327.0,5668.0
2017-04-01,40937.0,10850.0,3013.0,9050.0
2017-04-02,36516.0,10743.0,2689.0,8731.0
2017-04-03,40461.0,10449.0,2944.0,8073.0
2017-04-04,46922.0,9504.0,2944.0,7347.0
2017-04-05,36523.0,8843.0,1814.0,7381.0
2017-04-06,46268.0,9468.0,2364.0,6617.0
2017-04-07,38382.0,11103.0,2651.0,9088.0
2017-04-08,47981.0,9901.0,2287.0,9239.0
2017-04-09,46563.0,9323.0,2651.0,8515.0
2017-04-10,43753.0,9357.0,3233.0,8654.0
2017-04-11,39952.0,9171.0,2839.0,9748.0
2017-04-12,50979.0,7678.0,2579.0,9633.0
2017-04-13,44836.0,11038.0,3600.0,10367.0
2017-04-14,40682.0,8444.0,3779.0,8805.0
2017-04-15,42252.0,9970.0,3234.0,10400.0
2017-04-16,43819.0,9429.0,2944.0,9235.0
2017-04-17,46081.0,7207.0,2287.0,8472.0
2017-04-18,34366.0,9063.0,2031.0,9349.0
2017-04-19,45819.0,9211.0,2505.0,9493.0
2017-04-20,43019.0,10409.0,3090.0,8869.0
2017-04-21,39149.0,10852.0,4108.0,8726.0
2017-04-22,40431.0,8554.0,3201.0,10368.0
2017-04-23,53496.0,8768.0,3344.0,9493.0
2017-04-24,39585.0,9320.0,2837.0,8432.0
2017-04-25,46331.0,9539.0,2655.0,8476.0
2017-04-26,55019.0,8629.0,2544.0,9859.0
2017-04-27,46693.0,10160.0,3017.0,10514.0
2017-04-28,42285.0,10778.0,3200.0,9817.0
2017-04-29,41195.0,9756.0,4183.0,12735.0
2017-04-30,39844.0,8661.0,3454.0,11899.0
2017-05-01,42328.0,10085.0,2328.0,11968.0
2017-05-02,43459.0,10779.0,2582.0,11742.0
2017-05-03,35682.0,8334.0,3127.0,11782.0
2017-05-04,34843.0,7896.0,2872.0,11564.0
2017-05-05,40758.0,8881.0,3344.0,11559.0
2017-05-06,36637.0,8370.0,2399.0,10033.0
2017-05-07,39909.0,9794.0,2255.0,11932.0
2017-05-08,45238.0,9903.0,2725.0,10944.0
2017-05-09,35723.0,9939.0,2507.0,10765.0
2017-05-10,40101.0,8916.0,2910.0,11755.0
2017-05-11,57832.0,9424.0,2981.0,12189.0
2017-05-12,63043.0,10263.0,3347.0,11822.0
2017-05-13,48120.0,9757.0,2906.0,11348.0
2017-05-14,48300.0,10921.0,3125.0,13714.0
2017-05-15,41848.0,11615.0,2943.0,13572.0
2017-05-16,35244.0,10710.0,2582.0,10256.0
2017-05-17,43383.0,8849.0,2106.0,11240.0
2017-05-18,43414.0,8553.0,2947.0,10582.0
2017-05-19,39989.0,9645.0,2907.0,10802.0
2017-05-20,38999.0,10631.0,2762.0,10474.0
2017-05-21,43566.0,8909.0,3308.0,10734.0
2017-05-22,43489.0,11511.0,2255.0,12694.0
2017-05-23,41159.0,9571.0,2617.0,11716.0
2017-05-24,46705.0,10636.0,2400.0,13066.0
2017-05-25,46193.0,9941.0,2909.0,12036.0
2017-05-26,42029.0,10666.0,2798.0,10256.0
2017-05-27,40505.0,8665.0,3162.0,11782.0
2017-05-28,45244.0,9683.0,2911.0,12039.0
2017-05-29,39330.0,11294.0,1887.0,12369.0
2017-05-30,49659.0,9433.0,2254.0,10550.0
2017-05-31,63844.0,12713.0,3639.0,14048.0
2017-06-01,53307.0,13293.0,3127.0,12038.0
2017-06-02,56144.0,13835.0,3346.0,12846.0
2017-06-03,50889.0,14532.0,3014.0,12552.0
2017-06-04,58297.0,13588.0,3265.0,12474.0
2017-06-05,65635.0,12890.0,3743.0,15062.0
2017-06-06,48156.0,10957.0,3016.0,11680.0
2017-06-07,66175.0,12058.0,3746.0,12771.0
2017-06-08,36264.0,8809.0,1923.0,9670.0
2017-06-09,34405.0,11606.0,1707.0,9893.0
2017-06-10,45890.0,10667.0,2761.0,11097.0
2017-06-11,40574.0,10482.0,2433.0,12331.0
2017-06-12,43164.0,10635.0,2182.0,11746.0
2017-06-13,42542.0,9975.0,2395.0,10805.0
2017-06-14,37913.0,9974.0,2181.0,11131.0
2017-06-15,46042.0,11614.0,2511.0,12113.0
2017-06-16,51962.0,11578.0,2906.0,12546.0
2017-06-17,53631.0,12600.0,2653.0,10576.0
2017-06-18,48993.0,12235.0,2469.0,14409.0
2017-06-19,43021.0,10341.0,1561.0,10405.0
2017-06-20,38422.0,9502.0,2215.0,10255.0
2017-06-21,35066.0,10410.0,1888.0,11678.0
2017-06-22,44730.0,10483.0,2144.0,13136.0
2017-06-23,41888.0,10081.0,2510.0,11345.0
2017-06-24,48675.0,9206.0,2293.0,12005.0
2017-06-25,44552.0,11216.0,1816.0,11931.0
2017-06-26,39737.0,8732.0,2326.0,10257.0
2017-06-27,33489.0,10008.0,1744.0,8508.0
2017-06-28,43050.0,9758.0,1891.0,9494.0
2017-06-29,49400.0,10417.0,1416.0,10002.0
2017-06-30,42901.0,11287.0,1962.0,10036.0
2017-07-01,41379.0,10848.0,2395.0,11272.0
2017-07-02,37771.0,9027.0,2033.0,9667.0
2017-07-03,41749.0,11136.0,2035.0,11096.0
2017-07-04,38747.0,12052.0,2324.0,8759.0
2017-07-05,43169.0,11291.0,1777.0,9998.0
2017-07-06,45496.0,11286.0,1742.0,11090.0
2017-07-07,42403.0,10374.0,1814.0,10841.0
2017-07-08,38131.0,10773.0,1706.0,9231.0
2017-07-09,38712.0,10671.0,2147.0,10036.0
2017-07-10,39591.0,8880.0,1307.0,9235.0
2017-07-11,42544.0,11688.0,1523.0,12075.0
2017-07-12,46923.0,10667.0,2545.0,10688.0
2017-07-13,37984.0,10592.0,1854.0,11095.0
2017-07-14,57254.0,9903.0,2069.0,11312.0
2017-07-15,49843.0,11757.0,2103.0,10189.0
2017-07-16,45567.0,10199.0,2287.0,10038.0
2017-07-17,54694.0,10116.0,1707.0,10548.0
2017-07-18,38793.0,12455.0,1816.0,11419.0
2017-07-19,53780.0,10996.0,2108.0,10945.0
2017-07-20,41261.0,11395.0,2360.0,10508.0
2017-07-21,46781.0,12853.0,2256.0,10766.0
2017-07-22,43489.0,12560.0,1923.0,11240.0
2017-07-23,37617.0,11244.0,1742.0,10222.0
2017-07-24,47503.0,9866.0,1380.0,9533.0
2017-07-25,37252.0,9747.0,2107.0,11711.0
2017-07-26,39516.0,12236.0,2287.0,11749.0
2017-07-27,33823.0,10227.0,2363.0,9273.0
2017-07-28,44073.0,11502.0,1599.0,10841.0
2017-07-29,42689.0,10445.0,2219.0,9597.0
2017-07-30,43670.0,10999.0,1487.0,10439.0
2017-07-31,44112.0,12161.0,1998.0,9673.0
2017-08-01,45096.0,11464.0,2363.0,11166.0
2017-08-02,44213.0,10048.0,2143.0,11462.0
2017-08-03,51041.0,10811.0,1997.0,12333.0
2017-08-04,40282.0,11798.0,2395.0,10659.0
2017-08-05,42357.0,10413.0,1962.0,11461.0
2017-08-06,43969.0,9682.0,2035.0,10104.0
2017-08-07,41843.0,13545.0,1707.0,10804.0
2017-08-08,36597.0,9605.0,1813.0,9923.0
2017-08-09,42800.0,11327.0,2219.0,10475.0
2017-08-10,37221.0,11544.0,2033.0,9713.0
2017-08-11,49396.0,9715.0,2181.0,10878.0
2017-08-12,40977.0,10889.0,2359.0,11020.0
2017-08-13,37655.0,10414.0,1742.0,9418.0
2017-08-14,39556.0,10302.0,2073.0,10109.0
2017-08-15,28280.0,8368.0,1489.0,7086.0
2017-08-16,48198.0,9973.0,2251.0,9059.0
2017-08-17,43675.0,10671.0,2179.0,9635.0
2017-08-18,47618.0,10633.0,2110.0,9313.0
2017-08-19,43858.0,11135.0,2033.0,11603.0
2017-08-20,46520.0,11508.0,2214.0,9202.0
2017-08-21,47033.0,10197.0,2253.0,8907.0
2017-08-22,40242.0,11175.0,1961.0,8620.0
2017-08-23,41816.0,9608.0,2145.0,8070.0
2017-08-24,35977.0,10195.0,2108.0,9313.0
2017-08-25,42474.0,10961.0,3094.0,9750.0
2017-08-26,57501.0,12163.0,2653.0,10336.0
2017-08-27,55168.0,10262.0,3309.0,9529.0
2017-08-28,44549.0,10381.0,3203.0,7383.0
2017-08-29,48748.0,11874.0,2983.0,9131.0
2017-08-30,45857.0,10337.0,3858.0,9642.0
2017-08-31,61955.0,16542.0,5642.0,12187.0
2017-09-01,75118.0,16503.0,4547.0,12008.0
2017-09-02,59721.0,16753.0,5496.0,12843.0
2017-09-03,61553.0,12740.0,5165.0,12187.0
2017-09-04,55928.0,14317.0,4840.0,11208.0
2017-09-05,60633.0,10305.0,4295.0,11898.0
2017-09-06,54001.0,15114.0,3815.0,11934.0
2017-09-07,64472.0,16139.0,5092.0,11279.0
2017-09-08,44689.0,11175.0,3344.0,7566.0
2017-09-09,36228.0,12711.0,3709.0,9161.0
2017-09-10,42067.0,9353.0,3307.0,9127.0
2017-09-11,37799.0,9429.0,3381.0,6799.0
2017-09-12,48192.0,10926.0,3344.0,7671.0
2017-09-13,38930.0,11101.0,2832.0,7892.0
2017-09-14,43704.0,10595.0,3601.0,7160.0
2017-09-15,42805.0,10521.0,3309.0,8623.0
2017-09-16,41553.0,12929.0,3889.0,7339.0
2017-09-17,48961.0,9249.0,3895.0,7087.0
2017-09-18,41226.0,10926.0,3784.0,8111.0
2017-09-19,49585.0,10124.0,2582.0,6315.0
2017-09-20,53374.0,11142.0,3166.0,8070.0
2017-09-21,46295.0,12273.0,3198.0,8913.0
2017-09-22,47649.0,10847.0,3781.0,8618.0
2017-09-23,41224.0,10989.0,3893.0,7127.0
2017-09-24,45204.0,11913.0,3712.0,8358.0
2017-09-25,45389.0,10558.0,3458.0,7127.0
2017-09-26,42324.0,9431.0,2723.0,8691.0
2017-09-27,45097.0,10381.0,3127.0,7418.0
2017-09-28,38709.0,9175.0,3784.0,7053.0
2017-09-29,41258.0,12526.0,3855.0,7822.0
2017-09-30,47282.0,10774.0,4441.0,6907.0
2017-10-01,38632.0,9795.0,3636.0,6394.0
2017-10-02,49905.0,11358.0,3854.0,7269.0
2017-10-03,35970.0,10120.0,2687.0,6075.0
2017-10-04,37113.0,9615.0,2980.0,5016.0
2017-10-05,36372.0,8843.0,3420.0,5418.0
2017-10-06,47854.0,10779.0,3122.0,5635.0
2017-10-07,43778.0,10554.0,3817.0,7891.0
2017-10-08,47426.0,9790.0,3824.0,6572.0
2017-10-09,50457.0,8295.0,3999.0,7495.0
2017-10-10,48844.0,9175.0,3453.0,8117.0
2017-10-11,39805.0,8807.0,3962.0,6508.0
2017-10-12,41476.0,9358.0,3307.0,6509.0
2017-10-13,40306.0,10924.0,3564.0,6945.0
2017-10-14,44182.0,11433.0,4804.0,6471.0
2017-10-15,32394.0,10628.0,4077.0,6546.0
2017-10-16,41703.0,10706.0,4150.0,7312.0
2017-10-17,43850.0,8663.0,3671.0,7637.0
2017-10-18,41375.0,10009.0,3925.0,7928.0
2017-10-19,46947.0,9132.0,4763.0,7707.0
2017-10-20,43278.0,11432.0,3891.0,9129.0
2017-10-21,52941.0,11287.0,4475.0,9718.0
2017-10-22,51116.0,10013.0,4618.0,8439.0
2017-10-23,47245.0,9796.0,3672.0,7894.0
2017-10-24,46475.0,9503.0,4218.0,6500.0
2017-10-25,45828.0,10597.0,3417.0,7455.0
2017-10-26,43377.0,10994.0,3526.0,6363.0
2017-10-27,55322.0,10629.0,3927.0,6433.0
2017-10-28,47424.0,12014.0,3819.0,5663.0
2017-10-29,47526.0,11690.0,4513.0,7192.0
2017-10-30,41517.0,9646.0,4034.0,6540.0
2017-10-31,47423.0,10489.0,4872.0,7050.0
2017-11-01,44872.0,8811.0,4621.0,7928.0
2017-11-02,32906.0,8555.0,3856.0,7384.0
2017-11-03,45598.0,10052.0,4181.0,7274.0
2017-11-04,39326.0,9319.0,4359.0,7060.0
2017-11-05,41708.0,9134.0,4289.0,5851.0
2017-11-06,52574.0,8520.0,4690.0,5882.0
2017-11-07,41006.0,8336.0,4075.0,6575.0
2017-11-08,46144.0,10781.0,4070.0,7091.0
2017-11-09,52861.0,10446.0,3923.0,6513.0
2017-11-10,48489.0,9466.0,4509.0,6475.0
2017-11-11,49759.0,11983.0,4363.0,6905.0
2017-11-12,41884.0,9536.0,4616.0,6690.0
2017-11-13,33960.0,8809.0,3673.0,7274.0
2017-11-14,39373.0,9467.0,3856.0,6029.0
2017-11-15,45238.0,8847.0,5021.0,6982.0
2017-11-16,39476.0,9248.0,4908.0,6581.0
2017-11-17,49840.0,9062.0,4690.0,7709.0
2017-11-18,42315.0,9755.0,5391.0,6729.0
2017-11-19,50380.0,7900.0,6298.0,6689.0
2017-11-20,41851.0,8265.0,4731.0,6479.0
2017-11-21,44505.0,8259.0,4907.0,6256.0
2017-11-22,44799.0,10010.0,5315.0,6838.0
2017-11-23,42065.0,9903.0,4690.0,4903.0
2017-11-24,50967.0,9644.0,3961.0,6476.0
2017-11-25,42031.0,7202.0,4511.0,6324.0
2017-11-26,51809.0,9104.0,4112.0,7454.0
2017-11-27,50784.0,10379.0,4984.0,7165.0
2017-11-28,48843.0,8076.0,4841.0,6655.0
2017-11-29,43411.0,8036.0,4583.0,6619.0
2017-11-30,42862.0,9907.0,4655.0,7711.0
2017-12-01,59249.0,13730.0,5456.0,11361.0
2017-12-02,60454.0,14972.0,5535.0,11937.0
2017-12-03,63774.0,14569.0,6662.0,10773.0
2017-12-04,59347.0,13694.0,6441.0,11172.0
2017-12-05,64971.0,11980.0,5459.0,10086.0
2017-12-06,59205.0,13694.0,4694.0,10622.0
2017-12-07,66139.0,15956.0,6298.0,11674.0
2017-12-08,42247.0,10157.0,4764.0,6766.0
2017-12-09,45714.0,10083.0,4909.0,5521.0
2017-12-10,48490.0,10561.0,4801.0,6579.0
2017-12-11,44612.0,8736.0,4696.0,5814.0
2017-12-12,49504.0,10342.0,4260.0,6290.0
2017-12-13,54365.0,10333.0,5276.0,6145.0
2017-12-14,41329.0,10485.0,4330.0,6292.0
2017-12-15,53810.0,11798.0,5494.0,8112.0
2017-12-16,52903.0,9904.0,5563.0,7054.0
2017-12-17,49104.0,12347.0,5459.0,8039.0
2017-12-18,52498.0,9828.0,4293.0,7966.0
2017-12-19,56910.0,10702.0,5199.0,8001.0
2017-12-20,50563.0,10922.0,5167.0,7490.0
2017-12-21,51803.0,12204.0,4619.0,6105.0
2017-12-22,48015.0,11759.0,3381.0,8222.0
2017-12-23,45458.0,10853.0,5090.0,5672.0
2017-12-24,47197.0,10705.0,4656.0,6438.0
2017-12-25,45750.0,11543.0,4472.0,6141.0
2017-12-26,45047.0,10234.0,3963.0,6977.0
2017-12-27,38200.0,9723.0,4439.0,5744.0
2017-12-28,44182.0,8883.0,4403.0,7271.0
2017-12-29,54247.0,10373.0,4582.0,6222.0
2017-12-30,48635.0,10813.0,3708.0,6215.0
2017-12-31,38925.0,8192.0,4329.0,7933.0
2018-01-01,44772.0,7534.0,2903.0,7316.0
2018-01-02,34252.0,8848.0,3562.0,6542.0
2018-01-03,47252.0,9505.0,3853.0,5343.0
2018-01-04,40752.0,10672.0,3964.0,5302.0
2018-01-05,40932.0,8187.0,3560.0,6761.0
2018-01-06,46183.0,10812.0,4363.0,6146.0
2018-01-07,52646.0,7713.0,3857.0,6328.0
2018-01-08,46851.0,7646.0,3781.0,6909.0
2018-01-09,37725.0,9941.0,3820.0,5996.0
2018-01-10,42387.0,9685.0,3634.0,5927.0
2018-01-11,58959.0,8408.0,4145.0,6363.0
2018-01-12,44220.0,8879.0,3707.0,6437.0
2018-01-13,48301.0,9646.0,3892.0,6289.0
2018-01-14,40497.0,8957.0,4183.0,6547.0
2018-01-15,39074.0,10305.0,3347.0,6727.0
2018-01-16,39656.0,8957.0,3380.0,6072.0
2018-01-17,53303.0,11105.0,2616.0,7602.0
2018-01-18,44145.0,12130.0,3528.0,8477.0
2018-01-19,49396.0,10450.0,3090.0,7527.0
2018-01-20,50275.0,11360.0,4036.0,7205.0
2018-01-21,43632.0,11138.0,3780.0,9457.0
2018-01-22,53265.0,8008.0,3125.0,6108.0
2018-01-23,43703.0,7826.0,3092.0,5998.0
2018-01-24,43967.0,8151.0,3344.0,5670.0
2018-01-25,38230.0,8878.0,3201.0,6256.0
2018-01-26,49069.0,7902.0,3782.0,7415.0
2018-01-27,50159.0,9713.0,5170.0,5415.0
2018-01-28,53009.0,8006.0,4074.0,6726.0
2018-01-29,38525.0,8663.0,4583.0,7124.0
2018-01-30,42902.0,9214.0,3786.0,5815.0
2018-01-31,48082.0,9684.0,3924.0,7857.0
2018-02-01,47210.0,8004.0,3454.0,6502.0
2018-02-02,43956.0,9684.0,5607.0,6544.0
2018-02-03,38591.0,9245.0,4183.0,6363.0
2018-02-04,40750.0,8042.0,4290.0,6327.0
2018-02-05,41618.0,10417.0,4661.0,6984.0
2018-02-06,38921.0,9426.0,2799.0,6834.0
2018-02-07,37279.0,8663.0,3706.0,6035.0
2018-02-08,50674.0,10522.0,3999.0,6722.0
2018-02-09,42838.0,10742.0,3600.0,6328.0
2018-02-10,39583.0,9865.0,5020.0,6144.0
2018-02-11,42910.0,10304.0,4109.0,4545.0
2018-02-12,40641.0,8955.0,3857.0,7673.0
2018-02-13,50714.0,8849.0,3488.0,7273.0
2018-02-14,50781.0,10082.0,3962.0,7085.0
2018-02-15,31707.0,7061.0,2945.0,5594.0
2018-02-16,30574.0,7350.0,2145.0,4438.0
2018-02-17,41957.0,11361.0,4146.0,6434.0
2018-02-18,43124.0,11038.0,5239.0,7859.0
2018-02-19,45095.0,12126.0,3999.0,8438.0
2018-02-20,50447.0,10742.0,5022.0,6688.0
2018-02-21,47829.0,9027.0,5091.0,6575.0
2018-02-22,40717.0,10921.0,3785.0,6764.0
2018-02-23,41410.0,9467.0,3928.0,6288.0
2018-02-24,44287.0,9423.0,3419.0,8076.0
2018-02-25,53960.0,8736.0,2872.0,5634.0
2018-02-26,43050.0,10814.0,3708.0,6829.0
2018-02-27,46558.0,10013.0,3163.0,6762.0
2018-02-28,46551.0,9716.0,2615.0,5891.0
2018-03-01,61036.0,11651.0,3241.0,11171.0
2018-03-02,54833.0,12633.0,4293.0,9676.0
2018-03-03,64722.0,12459.0,4183.0,10954.0
2018-03-04,52315.0,10263.0,3601.0,9856.0
2018-03-05,49361.0,9828.0,4434.0,9280.0
2018-03-06,54724.0,10742.0,4910.0,10263.0
2018-03-07,61293.0,12781.0,4586.0,10952.0
2018-03-08,38604.0,9359.0,2329.0,6362.0
2018-03-09,37912.0,8812.0,3601.0,6504.0
2018-03-10,43119.0,7933.0,3672.0,7747.0
2018-03-11,50163.0,8812.0,3741.0,8368.0
2018-03-12,45276.0,10892.0,2110.0,7715.0
2018-03-13,46185.0,10673.0,2908.0,7384.0
2018-03-14,48344.0,10738.0,2725.0,9425.0
2018-03-15,39010.0,9505.0,1924.0,6472.0
2018-03-16,39081.0,11066.0,2873.0,7961.0
2018-03-17,39804.0,9539.0,2613.0,7456.0
2018-03-18,41192.0,9281.0,2542.0,6763.0
2018-03-19,40859.0,9100.0,2396.0,5742.0
2018-03-20,44259.0,8698.0,2032.0,6432.0
2018-03-21,47431.0,11693.0,2361.0,8550.0
2018-03-22,39734.0,9900.0,3273.0,8697.0
2018-03-23,36512.0,9756.0,3638.0,8842.0
2018-03-24,46995.0,9246.0,2615.0,7596.0
2018-03-25,46844.0,9064.0,2870.0,7452.0
2018-03-26,41301.0,8368.0,2582.0,8728.0
2018-03-27,48022.0,9175.0,2327.0,6727.0
2018-03-28,38573.0,9758.0,2071.0,7238.0
2018-03-29,43051.0,9253.0,2364.0,7274.0
2018-03-30,44074.0,9830.0,2288.0,7961.0
2018-03-31,34734.0,12456.0,2217.0,9496.0
2018-04-01,38963.0,12784.0,1814.0,8835.0
2018-04-02,47398.0,10958.0,2106.0,9127.0
2018-04-03,44373.0,10524.0,1743.0,8691.0
2018-04-04,36739.0,10453.0,2323.0,7197.0
2018-04-05,44840.0,8118.0,2072.0,8656.0
2018-04-06,44000.0,10593.0,3019.0,7746.0
2018-04-07,37360.0,10268.0,2833.0,8366.0
2018-04-08,34151.0,9751.0,2509.0,6615.0
2018-04-09,42896.0,10267.0,2362.0,8723.0
2018-04-10,39732.0,9318.0,2945.0,8437.0
2018-04-11,37211.0,10265.0,2688.0,8657.0
2018-04-12,49983.0,10852.0,2396.0,10259.0
2018-04-13,40313.0,10081.0,2762.0,8544.0
2018-04-14,43709.0,9425.0,2471.0,8497.0
2018-04-15,46076.0,11179.0,2614.0,9276.0
2018-04-16,42869.0,11069.0,2396.0,8914.0
2018-04-17,41626.0,10378.0,2618.0,10109.0
2018-04-18,40012.0,9939.0,2906.0,9644.0
2018-04-19,37976.0,10162.0,2832.0,8251.0
2018-04-20,37103.0,10302.0,3273.0,8802.0
2018-04-21,43087.0,10339.0,2433.0,10071.0
2018-04-22,36746.0,8958.0,1561.0,6909.0
2018-04-23,38746.0,8115.0,1852.0,7348.0
2018-04-24,41077.0,10550.0,2254.0,7454.0
2018-04-25,47035.0,9938.0,2253.0,7851.0
2018-04-26,35828.0,10518.0,2800.0,9270.0
2018-04-27,40898.0,11177.0,2726.0,8617.0
2018-04-28,41850.0,11799.0,3128.0,10400.0
2018-04-29,45314.0,9577.0,2693.0,11784.0
2018-04-30,39589.0,11139.0,2764.0,9781.0
2018-05-01,44839.0,10996.0,2653.0,10363.0
2018-05-02,35977.0,9318.0,1779.0,9169.0
2018-05-03,42912.0,10918.0,1815.0,10476.0
2018-05-04,45137.0,12235.0,2217.0,10982.0
2018-05-05,37438.0,11251.0,2909.0,8947.0
2018-05-06,43816.0,9572.0,1452.0,8542.0
2018-05-07,36270.0,9832.0,1704.0,8910.0
2018-05-08,47357.0,9752.0,2215.0,9781.0
2018-05-09,46598.0,11467.0,2107.0,9308.0
2018-05-10,38860.0,9282.0,2216.0,10616.0
2018-05-11,45317.0,11215.0,1780.0,8832.0
2018-05-12,40866.0,10410.0,1815.0,7924.0
2018-05-13,42289.0,10260.0,2362.0,8653.0
2018-05-14,38025.0,10047.0,1922.0,10797.0
2018-05-15,38243.0,9719.0,1560.0,9924.0
2018-05-16,41450.0,8187.0,1234.0,8942.0
2018-05-17,40941.0,11069.0,1087.0,8834.0
2018-05-18,34300.0,11795.0,1923.0,10842.0
2018-05-19,41451.0,10671.0,2945.0,9016.0
2018-05-20,49802.0,10879.0,2143.0,8290.0
2018-05-21,47245.0,12268.0,2322.0,9450.0
2018-05-22,43714.0,10052.0,2508.0,8035.0
2018-05-23,44770.0,11179.0,1707.0,7960.0
2018-05-24,37624.0,11142.0,1780.0,10692.0
2018-05-25,37033.0,9972.0,2218.0,9377.0
2018-05-26,49693.0,12706.0,2833.0,11233.0
2018-05-27,45677.0,10853.0,1998.0,10106.0
2018-05-28,41338.0,12532.0,2291.0,8795.0
2018-05-29,49620.0,10701.0,2435.0,9086.0
2018-05-30,56513.0,14135.0,2327.0,13393.0
2018-05-31,56297.0,13727.0,2654.0,13753.0
2018-06-01,54400.0,13761.0,3234.0,13058.0
2018-06-02,44178.0,15006.0,2981.0,12953.0
2018-06-03,48665.0,12163.0,2471.0,11236.0
2018-06-04,56003.0,12272.0,3347.0,14881.0
2018-06-05,57865.0,11575.0,3565.0,14009.0
2018-06-06,64976.0,15216.0,3092.0,14663.0
2018-06-07,44773.0,10808.0,1674.0,8645.0
2018-06-08,36933.0,10010.0,1632.0,10367.0
2018-06-09,38568.0,10848.0,1960.0,9238.0
2018-06-10,40431.0,9463.0,1924.0,9016.0
2018-06-11,47535.0,10704.0,1709.0,9383.0
2018-06-12,40174.0,9357.0,1705.0,10469.0
2018-06-13,47173.0,10851.0,2249.0,8654.0
2018-06-14,39077.0,12092.0,1852.0,8951.0
2018-06-15,43644.0,12642.0,1523.0,8614.0
2018-06-16,45211.0,11364.0,1670.0,10259.0
2018-06-17,43932.0,10483.0,1891.0,10480.0
2018-06-18,43935.0,9389.0,1889.0,8757.0
2018-06-19,36858.0,10122.0,1561.0,9858.0
2018-06-20,32839.0,10117.0,2291.0,9897.0
2018-06-21,44983.0,11617.0,2035.0,11202.0
2018-06-22,44881.0,11835.0,2398.0,11090.0
2018-06-23,48458.0,11652.0,3088.0,9663.0
2018-06-24,41637.0,10117.0,1779.0,10146.0
2018-06-25,44368.0,10481.0,1596.0,10543.0
2018-06-26,34159.0,8298.0,1416.0,9058.0
2018-06-27,43095.0,9280.0,1378.0,9383.0
2018-06-28,40753.0,10780.0,1484.0,8869.0
2018-06-29,36887.0,10445.0,1528.0,10108.0
2018-06-30,39476.0,12674.0,1889.0,9965.0
2018-07-01,32256.0,8264.0,1051.0,8254.0
2018-07-02,44844.0,10559.0,1198.0,9023.0
2018-07-03,46521.0,11652.0,1451.0,9818.0
2018-07-04,39328.0,11833.0,1123.0,10248.0
2018-07-05,38271.0,13546.0,1491.0,8907.0
2018-07-06,48387.0,13336.0,1704.0,10326.0
2018-07-07,44260.0,11909.0,2434.0,9787.0
2018-07-08,42034.0,11027.0,2032.0,9377.0
2018-07-09,35905.0,11617.0,1672.0,8031.0
2018-07-10,34955.0,14460.0,1816.0,11056.0
2018-07-11,39041.0,12238.0,1964.0,8721.0
2018-07-12,38560.0,11139.0,1671.0,10511.0
2018-07-13,36699.0,12851.0,1668.0,10877.0
2018-07-14,43234.0,12777.0,2506.0,11424.0
2018-07-15,39183.0,10919.0,1668.0,10656.0
2018-07-16,39295.0,9933.0,1232.0,11092.0
2018-07-17,37688.0,13251.0,1669.0,10510.0
2018-07-18,34777.0,12307.0,1198.0,11061.0
2018-07-19,37718.0,13185.0,2436.0,12190.0
2018-07-20,50498.0,13180.0,2400.0,12257.0
2018-07-21,39227.0,14241.0,3200.0,10984.0
2018-07-22,46634.0,13434.0,2106.0,11533.0
2018-07-23,54945.0,13978.0,2617.0,13348.0
2018-07-24,43631.0,9868.0,1413.0,10292.0
2018-07-25,37982.0,11875.0,1453.0,9852.0
2018-07-26,41268.0,13263.0,1525.0,11786.0
2018-07-27,39806.0,13621.0,2180.0,10396.0
2018-07-28,40503.0,12447.0,1452.0,9383.0
2018-07-29,37798.0,12632.0,1269.0,10951.0
2018-07-30,47686.0,11505.0,1414.0,10730.0
2018-07-31,47322.0,11396.0,1634.0,10470.0
2018-08-01,40680.0,12885.0,1925.0,10763.0
2018-08-02,37983.0,10917.0,1998.0,10509.0
2018-08-03,43418.0,11215.0,2068.0,12000.0
2018-08-04,38128.0,12411.0,1595.0,12035.0
2018-08-05,36523.0,12344.0,1667.0,10842.0
2018-08-06,38418.0,11610.0,1234.0,11092.0
2018-08-07,35574.0,12856.0,2147.0,9493.0
2018-08-08,48714.0,11793.0,1561.0,11567.0
2018-08-09,48562.0,11866.0,1817.0,10252.0
2018-08-10,39659.0,14169.0,2508.0,9633.0
2018-08-11,50797.0,12194.0,1923.0,11380.0
2018-08-12,42029.0,11796.0,1962.0,11676.0
2018-08-13,39296.0,13294.0,1926.0,11308.0
2018-08-14,37224.0,10118.0,1964.0,9448.0
2018-08-15,33349.0,11360.0,2688.0,10142.0
2018-08-16,36525.0,10739.0,1889.0,10256.0
2018-08-17,44404.0,11830.0,2690.0,9198.0
2018-08-18,47428.0,14460.0,2253.0,10178.0
2018-08-19,43132.0,11318.0,2399.0,8866.0
2018-08-20,40239.0,11175.0,2360.0,8794.0
2018-08-21,39150.0,11428.0,1853.0,8649.0
2018-08-22,42247.0,13764.0,1632.0,9743.0
2018-08-23,41343.0,9644.0,1815.0,9199.0
2018-08-24,38934.0,11071.0,1850.0,8179.0
2018-08-25,44290.0,12815.0,2106.0,9237.0
2018-08-26,44259.0,10049.0,1746.0,9235.0
2018-08-27,35649.0,10120.0,2071.0,8878.0
2018-08-28,39364.0,10120.0,1017.0,8545.0
2018-08-29,39267.0,9243.0,1160.0,7238.0
2018-08-30,61436.0,15002.0,3054.0,12148.0
2018-08-31,66327.0,16138.0,2870.0,11901.0
2018-09-01,54329.0,15042.0,2942.0,10547.0
2018-09-02,54507.0,15549.0,3528.0,11502.0
2018-09-03,46120.0,12705.0,2400.0,9168.0
2018-09-04,54069.0,11907.0,3125.0,10760.0
2018-09-05,61366.0,15367.0,3341.0,11930.0
2018-09-06,59432.0,15562.0,2722.0,11100.0
2018-09-07,44695.0,12348.0,2181.0,7787.0
2018-09-08,47106.0,11176.0,3456.0,7997.0
2018-09-09,41919.0,10519.0,2981.0,8105.0
2018-09-10,40096.0,9898.0,2943.0,7343.0
2018-09-11,37218.0,11905.0,3052.0,7383.0
2018-09-12,45491.0,10629.0,2362.0,8079.0
2018-09-13,46146.0,10302.0,2726.0,7708.0
2018-09-14,43704.0,11869.0,2578.0,9163.0
2018-09-15,52642.0,11650.0,2035.0,8584.0
2018-09-16,47651.0,10705.0,2180.0,6764.0
2018-09-17,55599.0,9899.0,2765.0,9752.0
2018-09-18,45897.0,9755.0,1779.0,8218.0
2018-09-19,44918.0,12598.0,2692.0,7966.0
2018-09-20,42574.0,10851.0,2911.0,9207.0
2018-09-21,36119.0,12411.0,2068.0,7708.0
2018-09-22,41811.0,12088.0,2359.0,7493.0
2018-09-23,38093.0,13512.0,2946.0,6397.0
2018-09-24,25945.0,8297.0,2181.0,5340.0
2018-09-25,40970.0,11940.0,3128.0,5709.0
2018-09-26,33974.0,9794.0,3818.0,7345.0
2018-09-27,45018.0,11104.0,4367.0,8144.0
2018-09-28,45536.0,13043.0,4039.0,7893.0
2018-09-29,47578.0,13213.0,3561.0,5852.0
2018-09-30,43923.0,11212.0,3270.0,6983.0
2018-10-01,45896.0,9174.0,3455.0,6431.0
2018-10-02,45270.0,10882.0,3415.0,8075.0
2018-10-03,40787.0,13291.0,3743.0,7306.0
2018-10-04,45564.0,10814.0,3893.0,6286.0
2018-10-05,46446.0,11180.0,3054.0,6470.0
2018-10-06,46730.0,11760.0,3270.0,6431.0
2018-10-07,37687.0,11180.0,3632.0,6728.0
2018-10-08,45715.0,10446.0,4842.0,7310.0
2018-10-09,37542.0,11428.0,4256.0,6690.0
2018-10-10,48052.0,11542.0,3306.0,7199.0
2018-10-11,48522.0,10629.0,5457.0,8148.0
2018-10-12,48180.0,11946.0,4914.0,7493.0
2018-10-13,49796.0,13474.0,5097.0,8005.0
2018-10-14,48092.0,10887.0,4434.0,7712.0
2018-10-15,55822.0,12675.0,5898.0,7639.0
2018-10-16,44442.0,11141.0,3892.0,5891.0
2018-10-17,45825.0,10957.0,3198.0,5629.0
2018-10-18,40236.0,8444.0,3785.0,7423.0
2018-10-19,43335.0,12896.0,4037.0,5597.0
2018-10-20,38052.0,11686.0,3344.0,6728.0
2018-10-21,41915.0,12964.0,3235.0,5993.0
2018-10-22,47505.0,9754.0,4621.0,6868.0
2018-10-23,38935.0,8628.0,3713.0,7022.0
2018-10-24,45565.0,10995.0,4185.0,5813.0
2018-10-25,50497.0,14240.0,3273.0,8297.0
2018-10-26,64297.0,11100.0,2946.0,5998.0
2018-10-27,58121.0,12452.0,4983.0,7048.0
2018-10-28,55492.0,10154.0,4218.0,5269.0
2018-10-29,48997.0,11069.0,4149.0,7712.0
2018-10-30,46003.0,9429.0,3674.0,6579.0
2018-10-31,42323.0,9679.0,4509.0,6363.0
2018-11-01,42824.0,9502.0,4256.0,6655.0
2018-11-02,51150.0,10919.0,3890.0,7817.0
2018-11-03,47677.0,11097.0,4254.0,5921.0
2018-11-04,35903.0,9387.0,4074.0,6433.0
2018-11-05,44099.0,10157.0,4217.0,6471.0
2018-11-06,42573.0,13332.0,3416.0,8146.0
2018-11-07,43850.0,9211.0,2870.0,6658.0
2018-11-08,38271.0,10489.0,3307.0,5484.0
2018-11-09,42469.0,14967.0,3672.0,7160.0
2018-11-10,53994.0,12128.0,4038.0,5995.0
2018-11-11,42939.0,9901.0,4219.0,7201.0
2018-11-12,47057.0,10594.0,3599.0,6435.0
2018-11-13,39298.0,8884.0,3531.0,5994.0
2018-11-14,40536.0,11069.0,3596.0,6614.0
2018-11-15,47121.0,13545.0,3634.0,6217.0
2018-11-16,49178.0,12595.0,3526.0,6505.0
2018-11-17,43421.0,11836.0,4729.0,7238.0
2018-11-18,36699.0,11427.0,4221.0,7166.0
2018-11-19,45716.0,11908.0,4802.0,6468.0
2018-11-20,46299.0,10121.0,2762.0,7199.0
2018-11-21,46187.0,10012.0,3856.0,6003.0
2018-11-22,36009.0,11615.0,5238.0,7635.0
2018-11-23,51112.0,11947.0,4656.0,7932.0
2018-11-24,46002.0,10955.0,5205.0,6510.0
2018-11-25,47973.0,9572.0,3637.0,5307.0
2018-11-26,39697.0,10741.0,4290.0,6549.0
2018-11-27,38815.0,8444.0,3162.0,7277.0
2018-11-28,43964.0,10700.0,3923.0,6914.0
2018-11-29,67384.0,13910.0,5494.0,10557.0
2018-11-30,54982.0,13656.0,5460.0,9898.0
2018-12-01,59870.0,15480.0,6622.0,10371.0
2018-12-02,56837.0,15370.0,5747.0,9058.0
2018-12-03,46581.0,13872.0,3779.0,7526.0
2018-12-04,60088.0,13840.0,5096.0,8726.0
2018-12-05,63298.0,12852.0,4623.0,9968.0
2018-12-06,61623.0,16060.0,6624.0,11349.0
2018-12-07,42794.0,10267.0,4871.0,6762.0
2018-12-08,38088.0,13480.0,4840.0,5384.0
2018-12-09,45861.0,10377.0,4945.0,5886.0
2018-12-10,38160.0,10635.0,5347.0,6947.0
2018-12-11,46878.0,9391.0,4727.0,6583.0
2018-12-12,44285.0,12852.0,4511.0,7311.0
2018-12-13,35135.0,14350.0,5385.0,5851.0
2018-12-14,48347.0,13111.0,4762.0,7125.0
2018-12-15,44677.0,12630.0,4291.0,6799.0
2018-12-16,49570.0,10551.0,4694.0,6547.0
2018-12-17,39584.0,13221.0,4107.0,7528.0
2018-12-18,52786.0,12087.0,4328.0,8042.0
2018-12-19,53413.0,12232.0,3637.0,6580.0
2018-12-20,62608.0,14641.0,3962.0,8221.0
2018-12-21,48559.0,12888.0,4874.0,8221.0
2018-12-22,48814.0,12305.0,5093.0,7564.0
2018-12-23,45671.0,13147.0,4727.0,8475.0
2018-12-24,52570.0,15294.0,5642.0,8617.0
2018-12-25,55379.0,13659.0,6259.0,8111.0
2018-12-26,37140.0,10193.0,4000.0,6728.0
2018-12-27,38195.0,10959.0,4836.0,5999.0
2018-12-28,40125.0,12927.0,4293.0,6179.0
2018-12-29,40687.0,11877.0,5243.0,5120.0
2018-12-30,48884.0,11539.0,5241.0,5449.0
2018-12-31,51510.0,13835.0,4763.0,6584.0
