<?xml version="1.0" encoding="UTF-8"?>
<metadata xml:lang="ko"><Esri><CreaDate>20171025</CreaDate><CreaTime>18405900</CreaTime><ArcGISFormat>1.0</ArcGISFormat><SyncOnce>TRUE</SyncOnce><DataProperties><lineage><Process ToolSource="c:\program files (x86)\arcgis\desktop10.2\ArcToolbox\Toolboxes\Conversion Tools.tbx\FeatureClassToFeatureClass" Date="20171025" Time="182506">FeatureClassToFeatureClass IS_WARD_Layer D:\WORK\08.소방서\171023_충남소방서\shp IS_WARD.shp # "WARD_ID "WARD_ID" true true false 255 Text 0 0 ,First,#,IS_WARD_Layer,WARD_ID,-1,-1;UPWARD_ID "UPWARD_ID" true true false 255 Text 0 0 ,First,#,IS_WARD_Layer,UPWARD_ID,-1,-1;D_SEOWARD_ "D_SEOWARD_ID" true true false 255 Text 0 0 ,First,#,IS_WARD_Layer,D_SEOWARD_ID,-1,-1;USE_YN "USE_YN" true true false 255 Text 0 0 ,First,#,IS_WARD_Layer,USE_YN,-1,-1;WARD_NAME "WARD_NAME" true true false 255 Text 0 0 ,First,#,IS_WARD_Layer,WARD_NAME,-1,-1;TYPE_CLS_C "TYPE_CLS_CD" true true false 255 Text 0 0 ,First,#,IS_WARD_Layer,TYPE_CLS_CD,-1,-1;NICK_NAME "NICK_NAME" true true false 255 Text 0 0 ,First,#,IS_WARD_Layer,NICK_NAME,-1,-1;ZIP_SEQ "ZIP_SEQ" true true false 255 Text 0 0 ,First,#,IS_WARD_Layer,ZIP_SEQ,-1,-1;SIDO_CD "SIDO_CD" true true false 255 Text 0 0 ,First,#,IS_WARD_Layer,SIDO_CD,-1,-1;GUGUN_CD "GUGUN_CD" true true false 255 Text 0 0 ,First,#,IS_WARD_Layer,GUGUN_CD,-1,-1;DONG_CD "DONG_CD" true true false 255 Text 0 0 ,First,#,IS_WARD_Layer,DONG_CD,-1,-1;RI_CD "RI_CD" true true false 255 Text 0 0 ,First,#,IS_WARD_Layer,RI_CD,-1,-1;HOUSE_NO "HOUSE_NO" true true false 255 Text 0 0 ,First,#,IS_WARD_Layer,HOUSE_NO,-1,-1;ETC_ADDR "ETC_ADDR" true true false 255 Text 0 0 ,First,#,IS_WARD_Layer,ETC_ADDR,-1,-1;WORK_TYPE_ "WORK_TYPE_CD" true true false 255 Text 0 0 ,First,#,IS_WARD_Layer,WORK_TYPE_CD,-1,-1;DSP_GROUP_ "DSP_GROUP_YN" true true false 255 Text 0 0 ,First,#,IS_WARD_Layer,DSP_GROUP_YN,-1,-1;AUTO_LIST_ "AUTO_LIST_YN" true true false 255 Text 0 0 ,First,#,IS_WARD_Layer,AUTO_LIST_YN,-1,-1;DAY_TEL "DAY_TEL" true true false 255 Text 0 0 ,First,#,IS_WARD_Layer,DAY_TEL,-1,-1;NIGHT_TEL "NIGHT_TEL" true true false 255 Text 0 0 ,First,#,IS_WARD_Layer,NIGHT_TEL,-1,-1;DAY_FAX "DAY_FAX" true true false 255 Text 0 0 ,First,#,IS_WARD_Layer,DAY_FAX,-1,-1;NIGHT_FAX "NIGHT_FAX" true true false 255 Text 0 0 ,First,#,IS_WARD_Layer,NIGHT_FAX,-1,-1;EXT_TEL "EXT_TEL" true true false 255 Text 0 0 ,First,#,IS_WARD_Layer,EXT_TEL,-1,-1;WARDOPEN_D "WARDOPEN_DATE" true true false 255 Text 0 0 ,First,#,IS_WARD_Layer,WARDOPEN_DATE,-1,-1;WARDCLOSE_ "WARDCLOSE_DATE" true true false 255 Text 0 0 ,First,#,IS_WARD_Layer,WARDCLOSE_DATE,-1,-1;WARDOPEN_Y "WARDOPEN_YN" true true false 255 Text 0 0 ,First,#,IS_WARD_Layer,WARDOPEN_YN,-1,-1;BRD_USING_ "BRD_USING_YN" true true false 255 Text 0 0 ,First,#,IS_WARD_Layer,BRD_USING_YN,-1,-1;REMARK "REMARK" true true false 255 Text 0 0 ,First,#,IS_WARD_Layer,REMARK,-1,-1;LCHG_DTIME "LCHG_DTIME" true true false 255 Text 0 0 ,First,#,IS_WARD_Layer,LCHG_DTIME,-1,-1;LCHG_USER_ "LCHG_USER_ID" true true false 255 Text 0 0 ,First,#,IS_WARD_Layer,LCHG_USER_ID,-1,-1;WARD_ORDER "WARD_ORDER" true true false 255 Text 0 0 ,First,#,IS_WARD_Layer,WARD_ORDER,-1,-1;DAY_TEL_TC "DAY_TEL_TC" true true false 255 Text 0 0 ,First,#,IS_WARD_Layer,DAY_TEL_TC,-1,-1;NIGHT_TEL_ "NIGHT_TEL_TC" true true false 255 Text 0 0 ,First,#,IS_WARD_Layer,NIGHT_TEL_TC,-1,-1;EXT_TEL_TC "EXT_TEL_TC" true true false 255 Text 0 0 ,First,#,IS_WARD_Layer,EXT_TEL_TC,-1,-1;WARD_COLOR "WARD_COLOR" true true false 255 Text 0 0 ,First,#,IS_WARD_Layer,WARD_COLOR,-1,-1;BD_MGT_SN "BD_MGT_SN" true true false 255 Text 0 0 ,First,#,IS_WARD_Layer,BD_MGT_SN,-1,-1;WARD_X "WARD_X" true true false 255 Text 0 0 ,First,#,IS_WARD_Layer,WARD_X,-1,-1;WARD_Y "WARD_Y" true true false 255 Text 0 0 ,First,#,IS_WARD_Layer,WARD_Y,-1,-1;ADDR_TYPE "ADDR_TYPE" true true false 255 Text 0 0 ,First,#,IS_WARD_Layer,ADDR_TYPE,-1,-1;RN_CD "RN_CD" true true false 255 Text 0 0 ,First,#,IS_WARD_Layer,RN_CD,-1,-1;EMD_SN "EMD_SN" true true false 255 Text 0 0 ,First,#,IS_WARD_Layer,EMD_SN,-1,-1;UNDGRD_FG "UNDGRD_FG" true true false 255 Text 0 0 ,First,#,IS_WARD_Layer,UNDGRD_FG,-1,-1;BULD_MNNM "BULD_MNNM" true true false 255 Text 0 0 ,First,#,IS_WARD_Layer,BULD_MNNM,-1,-1;BULD_SLNO "BULD_SLNO" true true false 255 Text 0 0 ,First,#,IS_WARD_Layer,BULD_SLNO,-1,-1;RN_ETC_ADD "RN_ETC_ADDR" true true false 255 Text 0 0 ,First,#,IS_WARD_Layer,RN_ETC_ADDR,-1,-1;POINT_X "POINT_X" true true false 8 Double 0 0 ,First,#,IS_WARD_Layer,POINT_X,-1,-1;POINT_Y "POINT_Y" true true false 8 Double 0 0 ,First,#,IS_WARD_Layer,POINT_Y,-1,-1" #</Process><Process ToolSource="c:\program files (x86)\arcgis\desktop10.2\ArcToolbox\Toolboxes\Data Management Tools.tbx\DefineProjection" Date="20171025" Time="182643">DefineProjection IS_WARD PROJCS['PCS_ITRF2000_TM',GEOGCS['GCS_ITRF_2000',DATUM['D_ITRF_2000',SPHEROID['GRS_1980',6378137.0,298.257222101]],PRIMEM['Greenwich',0.0],UNIT['Degree',0.0174532925199433]],PROJECTION['Transverse_Mercator'],PARAMETER['False_Easting',200000.0],PARAMETER['False_Northing',500000.0],PARAMETER['Central_Meridian',127.0],PARAMETER['Scale_Factor',1.0],PARAMETER['Latitude_Of_Origin',38.0],UNIT['Meter',1.0]]</Process><Process ToolSource="c:\program files (x86)\arcgis\desktop10.2\ArcToolbox\Toolboxes\Data Management Tools.tbx\DeleteField" Date="20171027" Time="092055">DeleteField IS_WARD POINT_X;POINT_Y</Process><Process ToolSource="c:\program files (x86)\arcgis\desktop10.2\ArcToolbox\Toolboxes\Data Management Tools.tbx\AddField" Date="20171027" Time="092157">AddField IS_WARD UTMK_X DOUBLE # # # # NULLABLE NON_REQUIRED #</Process><Process ToolSource="c:\program files (x86)\arcgis\desktop10.2\ArcToolbox\Toolboxes\Data Management Tools.tbx\AddField" Date="20171027" Time="092201">AddField IS_WARD UTMK_Y DOUBLE # # # # NULLABLE NON_REQUIRED #</Process><Process ToolSource="c:\program files (x86)\arcgis\desktop10.2\ArcToolbox\Toolboxes\Data Management Tools.tbx\CalculateField" Date="20171027" Time="092323">CalculateField IS_WARD UTMK_X !shape.centroid.x! PYTHON_9.3 #</Process><Process ToolSource="c:\program files (x86)\arcgis\desktop10.2\ArcToolbox\Toolboxes\Data Management Tools.tbx\CalculateField" Date="20171027" Time="092414">CalculateField IS_WARD UTMK_Y !shape.centroid.y! PYTHON_9.3 #</Process></lineage></DataProperties></Esri></metadata>
